,Result,Home_Elo,Away_Elo
0,W,1691.97753906,1662.70031738
1,D,1752.1138916,1629.62536621
2,W,2058.93432617,1710.53796387
3,D,1687.51989746,1794.33337402
4,W,1819.56066895,1695.54431152
5,D,1999.85461426,1624.44934082
6,L,1758.06958008,2073.25610352
7,W,1692.2088623,1843.13354492
8,L,1782.35974121,1643.81408691
9,L,1758.2166748,1703.4050293
10,D,1688.03649902,1744.02563477
11,D,1705.84484863,1694.48242188
12,W,1654.6439209,1739.21264648
13,D,1654.52807617,1988.40942383
14,L,1632.16210938,1750.29431152
15,W,2075.47973633,1766.09423828
16,D,1630.34289551,1699.41796875
17,L,1830.3729248,2058.07568359
18,W,1716.85754395,1685.43127441
19,D,1781.71191406,1821.51708984
20,D,1760.51086426,1687.31982422
21,L,2062.4753418,1629.98168945
22,L,1764.859375,1982.17590332
23,L,1744.7421875,1780.51379395
24,W,2076.71435547,1621.94567871
25,W,1822.71508789,1727.27929688
26,L,1697.078125,1825.9732666
27,L,1675.00952148,1662.74499512
28,W,1699.7791748,1660.76159668
29,L,1731.1114502,1703.24926758
30,D,1711.40405273,1661.55065918
31,W,1993.37023926,1702.08740234
32,D,1670.3815918,1828.6159668
33,W,1720.51525879,1728.40100098
34,L,1652.63110352,2043.75891113
35,W,1812.80810547,1717.13439941
36,L,1688.64086914,2075.8605957
37,D,1618.13977051,1747.32348633
38,W,1791.85070801,1753.36743164
39,D,1643.88623047,1687.24572754
40,W,1722.21044922,1672.52697754
41,W,1826.47058105,1707.76147461
42,D,2047.58972168,1996.65979004
43,W,1745.99804688,1698.79785156
44,L,1665.1932373,1816.74230957
45,D,2078.48999023,1797.07263184
46,W,1748.14550781,1726.70581055
47,L,1688.44287109,1648.80041504
48,L,1619.46520996,1686.01135254
49,W,1713.20019531,1642.68896484
50,W,1704.32519531,1727.11315918
51,W,1823.07653809,1829.90686035
52,W,1667.62426758,1757.4543457
53,D,1717.39685059,2070.64526367
54,L,1693.9128418,2043.8458252
55,W,2000.40356445,1677.03710938
56,L,1694.42529297,1750.88317871
57,L,1660.20617676,1717.60058594
58,W,1804.91748047,1611.05126953
59,W,1638.28857422,1658.85888672
60,W,1749.21582031,1714.27160645
61,W,1679.18286133,1691.85717773
62,L,1652.98864746,1654.85925293
63,D,1610.94555664,1727.2388916
64,W,1828.01611328,1650.84887695
65,W,1769.82336426,2056.12792969
66,D,1685.5958252,1806.91223145
67,W,1723.85681152,1836.95422363
68,D,2064.53393555,1682.55285645
69,L,1729.63757324,2011.57385254
70,D,1726.29272461,1686.65270996
71,W,2016.69836426,1642.88256836
72,W,2043.30236816,1685.48522949
73,L,1664.96533203,1830.62280273
74,L,1709.05358887,2055.8112793
75,D,1648.2421875,1732.85290527
76,W,1827.95825195,1754.43383789
77,L,1685.55480957,1724.51306152
78,W,1805.85534668,1782.64880371
79,L,1691.27563477,1611.89172363
80,L,1619.61779785,1698.80664062
81,D,1685.64123535,1674.43994141
82,D,1636.24353027,1671.71838379
83,W,1745.59191895,1643.59277344
84,L,1729.23999023,2045.34997559
85,W,1761.22436523,1679.19824219
86,W,1728.39257812,1654.34313965
87,W,2057.31567383,1808.86669922
88,W,1836.93688965,2017.19470215
89,W,1808.57421875,1718.19470215
90,L,1645.36962891,1752.36376953
91,L,1636.82092285,2059.02148438
92,W,2006.51855469,1737.36608887
93,W,2048.11669922,1634.90563965
94,D,1673.05627441,1847.61303711
95,D,1807.16088867,1611.41760254
96,W,1677.06640625,1812.67468262
97,D,1714.09423828,1768.54882812
98,L,1707.00671387,1683.01477051
99,D,1671.8737793,1726.4732666
100,W,1723.38464355,1663.95324707
101,D,1622.6439209,1659.36352539
102,W,1701.55163574,1674.86669922
103,L,1606.4699707,1622.34777832
104,W,1751.40563965,1998.30786133
105,W,1750.01855469,1715.69458008
106,D,1682.40087891,1791.32104492
107,W,2041.23132324,1623.03881836
108,L,1837.27954102,2022.78710938
109,W,1775.87854004,1684.33166504
110,W,1678.61352539,1706.77636719
111,L,1980.91003418,2042.31896973
112,D,2028.1204834,1728.08752441
113,L,1660.7454834,1831.94616699
114,W,1669.64196777,1755.08361816
115,L,1632.20373535,1683.07202148
116,W,1790.65002441,1781.59667969
117,L,1659.25036621,1768.8034668
118,D,1710.6295166,1621.26196289
119,W,1621.95129395,1596.61413574
120,W,1672.99682617,1683.27282715
121,W,1687.57653809,1625.0
122,W,1731.63513184,1650.34008789
123,W,2055.51538086,1644.05065918
124,W,1821.55957031,1701.39221191
125,W,1735.69628906,1621.45507812
126,L,1584.5213623,1963.70861816
127,D,1774.95910645,2017.51489258
128,L,1765.0135498,1618.6550293
129,W,1693.07299805,1794.55908203
130,D,1967.69970703,1695.25744629
131,D,2013.42553711,2056.14086914
132,W,1616.68151855,1824.83874512
133,D,1617.3190918,1745.2779541
134,D,1638.390625,1704.77868652
135,W,1782.85327148,1681.57177734
136,D,1674.69787598,1740.46984863
137,W,1643.4251709,1580.53027344
138,D,1698.11291504,1735.75976562
139,W,1646.21533203,1779.04833984
140,D,1735.90270996,1626.14013672
141,D,1704.10595703,1616.95507812
142,L,1572.88916016,2013.22961426
143,W,2049.69213867,1663.15332031
144,W,1759.26525879,1695.125
145,L,1746.55566406,1811.921875
146,D,1674.97009277,1636.21838379
147,W,1701.63818359,1648.22131348
148,W,1672.50793457,1782.45666504
149,W,1745.07702637,1953.20166016
150,W,1639.81933594,1681.00891113
151,W,1933.67431641,1699.35620117
152,L,1631.40405273,1763.54992676
153,W,1826.68359375,1730.63891602
154,L,1643.64685059,1764.60449219
155,W,2015.84765625,1706.21264648
156,W,1662.44335938,1570.27111816
157,D,1621.70483398,1671.36901855
158,W,1773.95581055,1731.79394531
159,D,1704.27416992,1667.82019043
160,L,1672.65979004,1935.47741699
161,W,1697.55310059,1633.02026367
162,W,2050.40209961,1621.41943359
163,L,1773.53442383,1833.12756348
164,D,1778.6652832,1646.58435059
165,W,1727.08447266,1724.19494629
166,W,1674.24377441,1620.4140625
167,D,1775.2310791,2017.78613281
168,D,1564.89428711,1690.8404541
169,W,1941.42346191,1680.71716309
170,W,2013.78051758,1701.7713623
171,D,1671.46899414,1779.23681641
172,D,1613.94067383,1772.92199707
173,W,1734.99584961,1652.32775879
174,D,1620.22106934,1565.79711914
175,W,1850.85205078,2051.60058594
176,L,1628.80187988,1666.71374512
177,W,1689.93762207,1700.62536621
178,L,1716.28356934,1755.80993652
179,D,1699.29528809,1671.88916016
180,D,1648.28430176,1615.81286621
181,W,1694.7442627,1616.21484375
182,W,2041.05493164,1703.02404785
183,L,1778.81652832,1695.81872559
184,D,1771.04980469,1943.04406738
185,L,1676.1159668,2016.2565918
186,L,1569.80334473,1861.39758301
187,D,1679.09667969,1619.3996582
188,W,1769.06933594,1739.03930664
189,D,1566.37097168,1702.06054688
190,D,1644.83886719,1940.75341797
191,W,1670.86584473,1675.21191406
192,L,1619.25830078,1733.95654297
193,W,1761.06469727,1610.49621582
194,W,1773.34057617,1623.48327637
195,W,1700.4630127,1864.82995605
196,D,1675.01293945,2021.50683594
197,W,2042.01843262,1774.15222168
198,W,1695.97253418,1713.57067871
199,W,1935.46911621,1608.66638184
200,W,2015.28295898,1776.15979004
201,L,1700.77832031,1714.45275879
202,L,1705.16247559,1679.17724609
203,W,1771.65161133,1567.65319824
204,D,1850.84033203,1765.11657715
205,L,1620.66394043,1650.12304688
206,W,1606.44433594,1704.3807373
207,L,1724.69885254,1773.74523926
208,L,1663.95007324,2018.15942383
209,W,1773.2833252,1666.9005127
210,L,1565.55957031,2044.51904297
211,D,1681.23681641,1682.92749023
212,W,1937.02416992,1744.54846191
213,L,1696.35534668,1846.06555176
214,L,1607.11120605,1606.83703613
215,D,1769.89135742,1690.53210449
216,W,1701.41223145,1614.46972656
217,W,1591.97387695,1663.99047852
218,L,1648.73669434,1643.00073242
219,W,2033.85681152,1700.9041748
220,W,1837.93762207,1694.64465332
221,L,1607.26245117,1924.70458984
222,W,1983.65344238,1577.42224121
223,W,1721.18762207,1549.23071289
224,L,1768.27648926,1732.70678711
225,W,1670.91027832,1761.56665039
226,W,1680.50964355,1675.21972656
227,W,1684.60205078,2037.68469238
228,L,1673.29077148,1760.65649414
229,W,1657.56164551,1699.93151855
230,W,1694.35314941,1689.99499512
231,W,1580.54260254,1641.73217773
232,L,1654.65429688,1846.19348145
233,W,1733.68164062,1608.86633301
234,L,1942.04370117,1988.08947754
235,W,1703.2833252,1548.66662598
236,D,1605.62670898,1750.47021484
237,L,1751.2722168,2025.05383301
238,L,1680.10766602,1649.14978027
239,D,1768.80957031,1704.24047852
240,W,1693.10241699,1595.05700684
241,W,1997.32531738,1607.11914062
242,D,1748.9777832,1708.02880859
243,W,1604.3626709,1664.390625
244,L,1543.92126465,1747.43212891
245,D,2028.8939209,1665.13769531
246,D,1627.21777344,1932.8079834
247,W,1851.69799805,1738.18530273
248,L,1660.42980957,1764.65197754
249,W,1998.90258789,1745.41992188
250,L,1708.39807129,2020.27368164
251,W,1591.26086426,1611.65820312
252,W,1756.58251953,1711.58666992
253,W,1734.69848633,1668.82763672
254,W,1927.24084473,1696.89855957
255,W,1673.75793457,1534.77087402
256,L,1605.54187012,1632.78479004
257,D,1657.09521484,1855.18481445
258,D,1643.07507324,1653.65771484
259,W,1715.48779297,1689.91516113
260,L,1616.20031738,1941.47753906
261,L,1675.3503418,1671.05432129
262,D,1863.10314941,1608.59619141
263,D,1704.53930664,1607.04943848
264,L,1755.20837402,1774.55883789
265,W,1650.90783691,2044.99938965
266,W,2039.20227051,1665.98425293
267,L,1783.2220459,1750.05322266
268,D,1540.49108887,1714.24035645
269,W,1682.31030273,1781.90478516
270,W,1679.39428711,1764.94702148
271,L,1763.51660156,2037.60009766
272,D,1709.35546875,1718.28100586
273,W,1662.7746582,1540.56433105
274,W,1940.72253418,1833.95666504
275,W,2027.6661377,1697.20666504
276,L,1663.42944336,1755.41784668
277,D,1613.77050781,1662.1986084
278,W,1609.57055664,1610.84887695
279,W,1720.44958496,1667.56677246
280,L,1663.29638672,1946.02368164
281,L,1535.77209473,1759.91552734
282,D,1756.80517578,1612.67260742
283,L,1773.42333984,1707.18688965
284,L,1602.56408691,2029.08996582
285,W,2041.2010498,1687.53613281
286,D,1828.65551758,1617.85522461
287,W,1695.78283691,1655.64624023
288,W,1763.2010498,1690.79174805
289,W,1764.56152344,1725.23925781
290,W,1951.16967773,1751.03173828
291,L,1662.77709961,1761.38037109
292,L,1685.8729248,1531.12609863
293,W,2031.64489746,1821.79504395
294,D,1646.79382324,1600.00915527
295,L,1618.44604492,2042.86425781
296,L,1624.71582031,1658.15039062
297,W,1719.2298584,1684.6784668
298,W,1704.63525391,1769.31433105
299,W,1769.13269043,1771.83044434
300,W,1717.97033691,1672.06225586
301,W,1667.49072266,2035.25793457
302,D,2045.12719727,1953.5369873
303,W,1818.18200684,1643.24438477
304,L,1761.79199219,1726.53942871
305,L,1603.55847168,1712.15771484
306,W,1677.36889648,1655.0246582
307,W,1544.93676758,1616.18322754
308,W,1748.66442871,1615.37536621
309,W,1761.04833984,1684.64074707
310,W,1957.42822266,1550.67211914
311,W,1994.41052246,1751.16162109
312,W,1637.52404785,1686.06286621
313,L,1608.81262207,2048.1003418
314,L,1591.13928223,1744.61279297
315,L,1606.38244629,1720.98596191
316,W,1643.6875,1740.16271973
317,D,1720.51147461,1819.83691406
318,W,1664.98132324,1775.84936523
319,W,1822.17651367,1583.18566895
320,L,1731.10717773,1963.07824707
321,W,1678.79223633,1723.67175293
322,D,1552.17907715,1610.13427734
323,W,1769.61169434,1601.76098633
324,L,1764.05505371,1658.24230957
325,D,1678.96154785,1676.71875
326,L,2059.29541016,1993.50488281
327,W,1752.20617676,1650.29455566
328,L,1731.10766602,1772.22729492
329,L,1967.69482422,1772.38220215
330,L,1580.66101074,1688.58996582
331,D,1610.93054199,1726.49072266
332,W,2005.12475586,1551.3828125
333,L,1646.51281738,2047.67553711
334,W,1598.99047852,1676.48034668
335,L,1713.87390137,1755.98779297
336,D,1679.20007324,1722.02124023
337,W,1781.3137207,1670.8581543
338,W,1824.70117188,1751.43920898
339,W,1787.23376465,1611.86877441
340,L,1725.55249023,2006.34790039
341,L,1662.68200684,1952.84326172
342,W,2051.17553711,1704.89453125
343,W,1764.96728516,1570.13049316
344,L,1747.11291504,1785.06054688
345,W,1723.12219238,1612.78881836
346,D,1550.15966797,1643.01281738
347,L,1667.11120605,1678.09924316
348,W,1699.12036133,1829.02758789
349,D,1813.99365234,1765.72070312
350,W,1948.46020508,1726.8659668
351,W,2010.56164551,1789.39770508
352,L,1566.17529297,2060.86962891
353,W,1606.50292969,1653.50256348
354,W,1693.69824219,1799.22497559
355,L,1641.06030273,1718.13684082
356,W,1710.95251465,1724.32202148
357,W,1702.359375,1548.91040039
358,W,1605.84313965,1648.3104248
359,L,1726.15222168,1707.29614258
360,W,1543.7911377,1564.2097168
361,W,1702.53369141,1712.80981445
362,D,1790.20690918,1619.98449707
363,L,1724.59301758,1613.46948242
364,L,1646.35339355,2014.09448242
365,D,1633.98657227,1951.49804688
366,W,2061.70532227,1810.4498291
367,D,1769.08203125,1721.97192383
368,D,1785.68237305,1632.86230469
369,L,1703.89318848,2064.55102539
370,L,1557.76538086,1715.48120117
371,W,1638.74975586,1642.81347656
372,D,1626.18945312,1711.45031738
373,W,1807.60424805,1550.23547363
374,D,1626.11987305,1639.88867188
375,W,1945.5958252,1784.00195312
376,W,2017.63439941,1711.94262695
377,D,1700.15686035,1765.5291748
378,L,1725.52478027,2068.28735352
379,L,1717.96716309,1779.79504395
380,W,1632.55749512,1717.56518555
381,W,1712.1217041,1638.68408203
382,L,1705.89831543,1772.27050781
383,D,1617.56005859,1955.94335938
384,D,1822.45739746,1727.71020508
385,D,1792.93395996,1655.29748535
386,W,2025.59448242,1648.03759766
387,L,1655.36193848,2086.96435547
388,W,1659.49084473,1798.12341309
389,L,1728.2713623,1716.46533203
390,W,1646.83666992,1697.40686035
391,W,1780.55456543,1788.32019043
392,L,1709.20715332,2026.58789062
393,W,1623.6619873,1717.61193848
394,L,1634.40039062,1949.6340332
395,D,1669.08666992,1652.69702148
396,L,1726.9173584,1787.95117188
397,L,1732.38916016,1640.70812988
398,L,1660.83459473,1816.4708252
399,D,2089.421875,1716.19787598
400,L,1653.19348145,1654.75720215
401,W,2030.63049316,1719.90368652
402,D,2080.7824707,1666.3314209
403,W,1822.54821777,1718.42016602
404,D,1724.8371582,1955.54614258
405,W,1796.44836426,1632.1105957
406,W,1690.34228516,1705.16455078
407,L,1655.45227051,1791.31115723
408,W,1777.56359863,1653.90124512
409,L,1709.16333008,1628.48815918
410,W,1715.61474609,1647.15393066
411,W,1954.91882324,1696.15380859
412,L,1668.61914062,2043.81811523
413,D,1679.12145996,1732.9263916
414,W,1652.73474121,1650.13598633
415,L,1702.54089355,1787.78845215
416,L,1631.96716309,1836.69116211
417,W,1649.32006836,1802.77929688
418,L,1807.21911621,2076.57519531
419,W,1721.05419922,1700.78833008
420,W,2045.75012207,1720.36499023
421,W,1733.52770996,1694.34619141
422,L,1792.71325684,1956.72644043
423,W,1644.10339355,1688.62878418
424,D,1642.40368652,1627.10144043
425,L,2081.4609375,1658.76721191
426,W,1841.5567627,1659.3861084
427,D,1695.21606445,1666.68701172
428,W,1678.5201416,1802.33325195
429,D,1801.70056152,1726.62634277
430,L,1681.46557617,2064.75390625
431,W,1962.78552246,1844.03857422
432,L,1629.7722168,2048.23901367
433,D,1682.62890625,1786.6541748
434,L,1717.87609863,1692.22644043
435,W,1730.78222656,1651.26672363
436,W,1669.67663574,1797.54467773
437,L,1656.90441895,1639.73291016
438,L,1786.33154297,1745.24511719
439,W,1675.47436523,1694.52185059
440,D,1705.72497559,1618.55981445
441,W,1635.40063477,1679.84155273
442,D,1646.39941406,1947.6496582
443,L,1672.92138672,1670.99584961
444,W,1831.62011719,1674.8347168
445,W,2045.40307617,1633.26623535
446,W,2065.62597656,1729.67675781
447,D,1759.14978027,1680.10327148
448,W,1747.86975098,1761.18518066
449,W,1766.30664062,1687.40600586
450,D,1728.24438477,1658.38037109
451,L,1685.53674316,1754.78308105
452,W,1754.96679688,1835.7232666
453,D,1942.04211426,2046.47167969
454,L,1672.82971191,2067.05810547
455,D,1679.99609375,1642.41247559
456,L,1623.06335449,1773.7166748
457,L,1670.73144531,1652.00695801
458,L,1684.4699707,1754.08813477
459,L,1632.19775391,1701.22155762
460,W,2034.65637207,1642.87573242
461,D,1650.51098633,1658.84570312
462,W,1657.9519043,1661.4230957
463,W,1756.38183594,1796.69665527
464,L,1703.26416016,1923.03417969
465,W,1655.63842773,1745.35095215
466,W,2050.66333008,1664.44763184
467,W,1761.0020752,1605.93078613
468,L,1633.7364502,1604.39990234
469,D,1758.78796387,1711.88952637
470,L,1652.7121582,1770.01745605
471,L,1736.88500977,2035.71228027
472,D,1927.78125,1766.82214355
473,W,1783.06103516,1664.10437012
474,D,1663.12097168,1648.48669434
475,W,1660.86999512,1755.30371094
476,W,1615.48303223,2051.98999023
477,W,1641.81994629,1698.51708984
478,W,1715.3737793,1666.66296387
479,L,1600.11071777,1622.65332031
480,D,1657.53955078,1665.15588379
481,W,1641.48608398,1716.17749023
482,W,2028.54516602,1786.13439941
483,L,1631.53283691,1908.70532227
484,W,1772.92407227,1656.28320312
485,W,1687.02026367,1730.00854492
486,L,1646.92358398,1627.25476074
487,W,2020.48193359,1582.91162109
488,W,1743.70629883,1656.36450195
489,W,1776.31921387,1644.99707031
490,D,1638.12670898,1749.39672852
491,D,1912.35717773,2021.4128418
492,W,1667.2010498,1649.54260254
493,L,1650.04870605,2030.31665039
494,W,1784.36291504,1696.80102539
495,D,1720.2277832,1781.07104492
496,L,1708.12097168,1779.15856934
497,L,1581.98059082,1636.05163574
498,W,1640.24523926,1627.88098145
499,W,1650.67407227,1655.49438477
500,W,1699.85522461,1653.61547852
501,L,1646.5925293,1671.55639648
502,L,1655.3104248,1927.95300293
503,D,1648.79846191,1646.16149902
504,W,2032.59802246,1653.12341309
505,D,1629.18908691,1730.1541748
506,D,1760.51794434,1576.9083252
507,D,1797.89477539,2041.01013184
508,L,1792.02124023,1795.12268066
509,W,1703.57104492,1684.33764648
510,D,1652.30615234,1646.9041748
511,D,1729.42248535,2033.4152832
512,W,1936.35925293,1754.19165039
513,D,2036.52819824,1704.98937988
514,W,1804.87451172,1629.92077637
515,W,1680.99316406,1709.32666016
516,W,1678.58203125,1802.37670898
517,W,1583.23461914,1646.52880859
518,W,1648.48132324,1782.26953125
519,L,1648.43103027,1637.15588379
520,W,1640.03100586,1583.02099609
521,W,1618.53283691,1654.59924316
522,D,1680.08508301,1682.92297363
523,W,2021.50097656,1794.7421875
524,W,1785.61621094,1705.61328125
525,L,1641.58215332,1734.42919922
526,L,1631.48498535,1933.74279785
527,L,1728.23474121,1642.37072754
528,L,1744.3626709,2022.31958008
529,L,1692.1394043,1630.29833984
530,D,1790.43322754,1633.79638672
531,D,1742.21496582,1711.01953125
532,W,1936.93859863,1646.89196777
533,W,1685.09924316,1789.74743652
534,W,2027.25708008,1625.46362305
535,L,1701.48217773,1739.4251709
536,W,1641.95837402,1677.90869141
537,D,1576.16003418,1680.47949219
538,L,1659.5859375,1628.28930664
539,D,1639.70812988,1647.6685791
540,W,1671.07324219,1576.84399414
541,W,1714.09851074,1784.52148438
542,W,1645.36962891,1643.82958984
543,W,1693.7689209,1648.79382324
544,W,1679.79553223,1938.4609375
545,L,1644.04553223,1739.1361084
546,L,1624.0526123,1692.41931152
547,L,2025.80993652,2028.66809082
548,L,1781.07775879,1748.48803711
549,W,1925.75500488,1676.62646484
550,L,1571.29077148,1702.44116211
551,L,1773.77832031,1633.1496582
552,W,1769.91345215,1640.12158203
553,W,1750.03198242,1651.40539551
554,W,2045.79748535,1637.62719727
555,D,1704.140625,2008.68066406
556,W,1649.74938965,1724.8416748
557,D,1759.65234375,1612.33129883
558,L,1637.79394531,1692.50134277
559,W,1674.01391602,1628.98632812
560,L,1618.07080078,1773.17797852
561,L,1709.10290527,1928.36755371
562,W,1636.85693359,1564.62915039
563,L,2002.98303223,1753.9128418
564,W,1645.70581055,1755.18115234
565,D,1701.30895996,1755.73144531
566,L,1636.40124512,1709.83813477
567,L,1716.8614502,2047.02331543
568,W,1651.74682617,1657.72961426
569,D,1679.13549805,1756.45629883
570,D,1933.20007324,1647.51831055
571,L,1700.58410645,1746.2175293
572,W,1553.96777344,1779.17858887
573,W,1769.18469238,1628.18469238
574,D,1654.66955566,1651.53369141
575,L,1657.94274902,2050.66650391
576,W,1987.71118164,1612.0703125
577,L,1713.21826172,1718.0546875
578,D,1704.27038574,1623.86486816
579,D,1756.52893066,1699.9876709
580,D,1610.08093262,1624.92199707
581,D,1628.14758301,1655.34838867
582,L,1767.60021973,1989.70056152
583,W,1772.4473877,1703.50952148
584,W,1925.36987305,1565.54614258
585,W,2054.69165039,1652.29321289
586,W,1653.90991211,1685.06738281
587,D,1761.73425293,1679.06286621
588,W,1727.7635498,1653.91760254
589,W,1697.08886719,1608.27062988
590,W,1651.56176758,1731.99926758
591,W,1703.68554688,1757.36279297
592,D,1626.73217773,1997.26489258
593,W,1649.6817627,1778.86804199
594,W,1927.04187012,1760.03588867
595,D,1678.16552734,2055.4230957
596,D,1683.43432617,1660.81176758
597,W,1656.8125,1752.83117676
598,W,1563.87414551,1626.68347168
599,D,1740.93518066,1571.1796875
600,L,1663.8223877,1717.92749023
601,L,1619.37792969,1929.80944824
602,W,1990.4654541,1705.92053223
603,L,1769.63513184,1659.58154297
604,D,2048.5637207,1680.42370605
605,D,1723.97961426,1685.02502441
606,W,1743.12084961,1668.70837402
607,W,1757.26831055,1633.53161621
608,L,1599.43896484,1658.91479492
609,W,1666.44274902,1656.8449707
610,W,1674.43188477,1592.92175293
611,L,1728.86914062,2041.92138672
612,L,1579.44104004,1749.35083008
613,L,1618.09155273,1764.03479004
614,W,1936.69128418,1750.35180664
615,D,1690.41809082,1748.73449707
616,L,1669.39611816,2000.43347168
617,W,1701.15759277,1630.72937012
618,W,1691.03027344,1722.55078125
619,L,1646.87573242,2004.26184082
620,D,1583.03588867,1683.93566895
621,W,2041.01904297,1670.8638916
622,W,1705.25097656,1718.93652344
623,D,1637.60595703,1567.97131348
624,W,2001.65441895,1672.83105469
625,W,1736.69238281,1605.78808594
626,L,1749.60327148,1934.75866699
627,W,1764.8515625,1696.95349121
628,W,1733.52563477,1696.84326172
629,L,1617.4543457,1660.01965332
630,W,1683.4119873,2003.83129883
631,W,1668.96630859,1713.96704102
632,D,1740.03027344,1769.1126709
633,W,1944.56860352,1633.46740723
634,W,1710.22045898,1738.77160645
635,W,1691.59729004,1583.55969238
636,L,1602.45019531,1739.79321289
637,W,1670.6541748,1604.47387695
638,D,1572.10986328,2042.91662598
639,D,1673.00012207,1692.69238281
640,D,1577.29882812,1716.76086426
641,W,1630.89831543,1595.63818359
642,W,1990.1965332,1697.85803223
643,W,1746.60534668,1738.33300781
644,L,1732.23120117,1675.76123047
645,W,2034.91699219,1947.13781738
646,D,1599.98083496,1697.04675293
647,W,1694.66503906,1675.1472168
648,W,1770.80993652,1671.02734375
649,W,1707.17211914,1580.10949707
650,W,1692.45947266,1578.76513672
651,L,1715.37597656,1997.87768555
652,L,1696.07250977,1600.20153809
653,L,1588.26464844,2038.95288086
654,L,1754.65869141,1775.89709473
655,W,1720.41442871,1638.35327148
656,W,1947.4329834,1710.36657715
657,W,1696.9074707,1700.08288574
658,L,1576.99633789,1715.61437988
659,L,1669.81079102,1666.02172852
660,W,1618.09716797,1717.10327148
661,D,1579.08288574,1572.703125
662,W,1686.12084961,1708.07568359
663,L,1699.36938477,1688.6315918
664,W,1794.60241699,1660.16638184
665,W,2052.51269531,1722.34606934
666,D,1712.35620117,1591.42370605
667,W,1637.62512207,1764.26403809
668,W,2006.60510254,1702.59643555
669,W,1730.36230469,1958.62341309
670,D,1720.82910156,1707.01013184
671,D,1700.49609375,1626.60546875
672,L,1575.32849121,2008.70544434
673,D,1755.0612793,2054.02954102
674,W,1946.55334473,1576.4576416
675,D,1708.5949707,1688.73181152
676,D,1697.02429199,1655.68994141
677,L,1646.82788086,1799.07885742
678,W,1596.76977539,1742.43237305
679,L,1699.26928711,1697.17224121
680,W,1581.8104248,1612.82531738
681,W,1665.42614746,1695.15820312
682,W,2059.35888672,1646.66589355
683,W,1716.06152344,1763.60217285
684,W,1713.7545166,1711.88354492
685,W,1637.16052246,1579.03405762
686,D,2033.77563477,1957.01538086
687,W,1697.91442871,1702.41210938
688,W,1811.71191406,1699.75927734
689,L,1738.84802246,1724.24902344
690,L,1681.27648926,1714.13415527
691,L,1731.91577148,1580.64587402
692,W,2032.51953125,1807.36328125
693,L,1566.45214844,1703.24157715
694,W,1637.80187988,1721.80822754
695,D,1742.72351074,1715.37280273
696,W,1952.97021484,1633.93395996
697,L,1695.6953125,1667.08825684
698,W,1677.6875,1688.29943848
699,L,1598.18127441,2014.46569824
700,D,1713.71594238,2034.41723633
701,D,1594.15466309,1739.57312012
702,W,1718.52307129,1645.89416504
703,L,1682.04248047,1684.37329102
704,D,2016.15759277,1718.40698242
705,L,1805.4654541,1683.94445801
706,L,1678.41040039,1672.02734375
707,W,1631.81945801,1596.48950195
708,W,1723.38330078,1559.87780762
709,W,1709.81591797,1955.08459473
710,D,1641.4855957,1595.8347168
711,D,1719.59277344,1792.38061523
712,L,1694.73266602,1697.02929688
713,D,1933.92834473,1726.06286621
714,L,1682.62316895,1671.68310547
715,L,1557.19824219,1667.81445312
716,W,1591.17163086,1730.97229004
717,L,1726.44238281,1637.1373291
718,W,1658.05151367,1741.13452148
719,D,1690.03637695,1545.65234375
720,W,2020.21179199,1641.09863281
721,W,1720.72937012,1712.01086426
722,W,1726.17297363,1722.45776367
723,L,1685.84301758,1932.45178223
724,L,1602.70422363,2031.78186035
725,D,1710.57385254,1670.75256348
726,D,1795.99829102,1687.6706543
727,W,1736.15490723,1607.89709473
728,W,1734.35388184,1730.40454102
729,W,1705.21496582,1740.9588623
730,D,1713.55334473,1601.9753418
731,L,1675.55615234,1694.09448242
732,W,1737.95654297,1792.45373535
733,L,1943.07458496,1685.79187012
734,D,2035.38989258,2022.49731445
735,L,1552.77612305,1708.64953613
736,L,1605.97241211,1682.97033691
737,L,1641.70935059,1667.71142578
738,W,2032.73852539,1745.16394043
739,W,1740.10766602,2025.14880371
740,W,1697.53833008,1714.734375
741,L,1607.07189941,1742.23193359
742,W,1710.77233887,1546.62072754
743,L,1714.80493164,1920.75720215
744,L,1658.8782959,1785.24633789
745,D,1731.43933105,1753.02514648
746,W,2012.23132324,1708.45678711
747,W,1724.65075684,1625.15246582
748,W,1708.10925293,1591.40429688
749,W,1684.26831055,2035.67053223
750,W,1707.7286377,1700.97839355
751,L,1546.09436035,1654.44702148
752,W,1623.51721191,1732.14660645
753,L,1587.19885254,1712.00964355
754,W,1756.93737793,1709.20471191
755,D,1753.90649414,2017.57897949
756,L,1707.68762207,1716.93432617
757,D,1935.98059082,1715.91809082
758,W,2023.57983398,1730.90539551
759,W,1794.29724121,1600.01696777
760,D,1664.35717773,1621.38061523
761,L,1725.85974121,1695.31481934
762,W,2027.55529785,1706.81994629
763,D,1718.74145508,1729.49060059
764,L,1761.43212891,1732.27929688
765,L,1725.59033203,1604.4987793
766,L,1609.65246582,1765.81750488
767,W,2023.2388916,1721.74768066
768,W,1700.48059082,1635.15332031
769,D,1799.32885742,1931.65771484
770,W,1720.08740234,1712.83215332
771,D,1630.64526367,1743.46228027
772,D,1704.984375,1706.74523926
773,W,1930.37121582,1599.39941406
774,L,1625.07006836,2029.7142334
775,W,1731.72412109,1800.93859863
776,L,1660.99108887,2025.22253418
777,D,1776.92138672,1750.57250977
778,D,1705.31201172,1617.58032227
779,L,1714.75268555,1716.83129883
780,W,1704.58154297,1742.81103516
781,D,1728.80310059,1623.59228516
782,L,1753.7989502,1657.49914551
783,W,1727.0123291,1931.73498535
784,W,2029.1796875,1631.76159668
785,W,1702.93212891,1743.0546875
786,W,2031.65710449,1622.32275391
787,D,1705.03674316,1790.07312012
788,W,1709.26257324,1774.91796875
789,L,1620.64758301,1598.50073242
790,D,1701.03479004,2030.45178223
791,D,1915.47619629,1711.41638184
792,L,1735.97619629,2033.33215332
793,D,1789.90637207,1716.89758301
794,W,1735.90014648,1705.20349121
795,L,1630.48950195,1741.29016113
796,L,1628.45397949,1710.08679199
797,L,1767.28283691,1723.94152832
798,W,1670.00793457,1743.27124023
799,L,1609.86608887,1732.92907715
800,D,1735.37512207,1620.36047363
801,W,1718.14440918,1623.10546875
802,L,1740.12451172,1915.48291016
803,L,1609.24731445,1718.14538574
804,W,2027.79052734,1741.31555176
805,D,2038.0234375,1677.86901855
806,L,1699.7532959,1755.3380127
807,D,1721.47216797,1707.16418457
808,D,1740.39453125,1777.20117188
809,W,1923.71472168,1603.05297852
810,W,1739.87414551,1722.2220459
811,D,1739.74230957,1594.60412598
812,L,1709.6595459,1739.32080078
813,W,1619.02770996,2029.53967285
814,W,1772.30810547,2029.23193359
815,D,1778.27490234,1730.32324219
816,D,1732.78857422,1731.89257812
817,L,1686.35290527,1718.97692871
818,W,1625.41235352,1682.78320312
819,D,1600.09118652,1745.91296387
820,D,2013.87145996,1693.93896484
821,L,1716.18334961,1793.97668457
822,D,2007.56335449,1926.0090332
823,L,1734.25524902,1775.02319336
824,W,1675.12023926,1730.7578125
825,W,1727.90478516,1634.69604492
826,D,1600.75878906,1677.42492676
827,L,1755.04125977,1633.07531738
828,D,1733.57495117,1733.92333984
829,L,1701.1159668,1724.71887207
830,W,1722.05407715,1989.96069336
831,L,1734.98828125,1681.99975586
832,L,1676.30529785,1704.2520752
833,W,1629.49279785,1601.31616211
834,W,1931.14794922,1732.03222656
835,W,1742.86364746,1741.76611328
836,W,1644.69335938,1600.05419922
837,W,1795.30187988,1730.68591309
838,D,1787.17407227,2015.92224121
839,L,1725.95959473,1734.98657227
840,W,2011.6574707,1800.02819824
841,L,1977.02819824,1693.38696289
842,D,1791.43884277,1635.1940918
843,D,1732.75073242,1933.70068359
844,D,1713.37023926,1688.18762207
845,L,1595.61486816,1723.60095215
846,L,1729.47961426,1649.92358398
847,L,1594.82397461,1751.87915039
848,D,1737.6472168,1667.18713379
849,D,1588.70666504,1690.9909668
850,D,1662.97338867,1761.38513184
851,D,1691.22839355,1785.76501465
852,W,1914.47509766,1734.66918945
853,W,1717.32104492,1711.49023438
854,W,1672.12072754,1590.53393555
855,W,1709.83056641,1642.01489258
856,W,1745.58068848,1741.5982666
857,W,2018.16894531,1963.16931152
858,W,1731.43249512,1729.9375
859,W,1799.77880859,1587.27355957
860,D,1635.23681641,1918.3104248
861,L,1586.19396973,2027.66809082
862,W,1953.67016602,1663.65576172
863,L,1785.18579102,1676.46057129
864,W,1699.49353027,1751.70349121
865,D,1721.15905762,1729.31774902
866,D,1730.8338623,1801.94006348
867,D,1585.11230469,1740.2109375
868,D,1735.47546387,1716.60864258
869,W,1760.70275879,1691.80761719
870,L,1722.12817383,1733.21130371
871,W,1921.68029785,1689.92932129
872,L,1740.83288574,1780.17077637
873,D,1691.76037598,1643.16833496
874,D,1664.42626953,1709.54589844
875,W,1747.03747559,1589.87670898
876,L,2028.32702637,1719.84753418
877,L,1734.10705566,1963.0324707
878,D,1587.51721191,1732.08093262
879,W,1806.91699219,1767.96740723
880,W,1646.76367188,1749.97387695
881,D,1923.69506836,2012.52600098
882,W,1710.60803223,1969.02380371
883,D,1586.94042969,1708.40625
884,W,1789.50256348,1589.32055664
885,D,1687.91455078,1731.50109863
886,L,1762.7689209,1688.16503906
887,W,1812.11547852,1663.36413574
888,W,1730.27770996,1735.64855957
889,W,1746.93322754,1728.11560059
890,W,1585.23681641,1731.98144531
891,W,1722.70812988,1588.10705566
892,W,1732.56713867,1745.40686035
893,W,1957.69274902,1791.29882812
894,L,1660.36682129,1655.70593262
895,D,1740.92602539,1802.91577148
896,W,2015.41845703,1732.09020996
897,D,1705.42163086,1925.6081543
898,W,1732.65563965,1752.23522949
899,W,1707.1340332,1686.74304199
900,D,1670.65881348,1743.73400879
901,W,1921.85119629,1740.32397461
902,L,1734.23986816,2017.41870117
903,D,1787.52087402,1803.51782227
904,L,1730.08996582,1727.11975098
905,D,1722.33337402,1716.57458496
906,W,1739.06799316,1594.8848877
907,L,1745.82275391,1645.41394043
908,L,1583.69543457,1961.47070312
909,W,1677.30249023,1709.17858887
910,D,1729.42370605,1662.28149414
911,D,1711.8527832,1785.32067871
912,W,1736.09936523,1725.36401367
913,W,1928.40551758,1582.58605957
914,L,1649.86071777,1913.06262207
915,L,1719.22155762,1727.23620605
916,L,1711.04309082,2010.99084473
917,D,1573.67004395,1717.12487793
918,W,1803.28723145,1694.40380859
919,D,1727.78747559,1676.06530762
920,D,1689.21398926,1741.94592285
921,L,1719.51745605,1724.19091797
922,D,1679.66186523,1645.93237305
923,W,1916.9909668,1705.1505127
924,W,2017.81787109,1725.39001465
925,D,1741.30725098,1711.61877441
926,D,1666.31518555,1808.47717285
927,W,1581.62902832,1704.21606445
928,W,1785.5546875,1575.43029785
929,D,1715.36462402,1929.36242676
930,W,1702.8560791,1668.06860352
931,D,1695.15795898,1688.46459961
932,W,1734.09680176,1787.77661133
933,L,1649.05517578,1590.68713379
934,W,1573.20837402,1738.28979492
935,D,1714.63623047,1719.01391602
936,L,1742.69519043,2019.68908691
937,L,1925.71313477,1709.61157227
938,D,1806.72375488,1919.28540039
939,L,1723.51879883,1676.5390625
940,W,1602.19262695,1712.30322266
941,D,1690.94592285,1741.57983398
942,W,1662.6685791,1583.49230957
943,D,1780.2935791,1637.54956055
944,L,1721.22485352,1739.09460449
945,W,1687.75463867,1807.58740234
946,W,1918.42175293,1692.67663574
947,W,2023.28967285,1712.42529297
948,L,1728.00585938,1905.00830078
949,W,1730.31640625,1708.25610352
950,W,1748.76428223,1742.39697266
951,L,1699.9029541,1774.65490723
952,W,1910.50061035,1794.73083496
953,L,1579.07250977,1920.48071289
954,W,2025.41564941,1667.08837891
955,W,1690.61779785,1643.18823242
956,D,1614.59289551,1735.91491699
957,W,1722.5135498,1690.12878418
958,D,1711.55517578,1700.61120605
959,W,1710.29931641,1702.65771484
960,W,1925.11157227,1760.93945312
961,D,1665.75354004,1720.50048828
962,W,1789.80358887,1697.61889648
963,W,1782.86340332,1708.96520996
964,W,1703.20117188,1727.84936523
965,L,1692.45654297,1915.42785645
966,L,1684.79284668,2026.75061035
967,D,1734.76342773,1574.44152832
968,W,1636.18713379,1691.69445801
969,L,1730.22192383,1615.74438477
970,W,1580.53747559,1643.27368164
971,D,2030.34790039,1790.44812012
972,W,1684.60791016,1798.44165039
973,D,1688.98083496,1756.86633301
974,W,1728.66748047,1709.78515625
975,W,1721.36975098,1681.19555664
976,W,1721.26538086,1929.18469238
977,W,1922.05773926,1717.33166504
978,D,1701.38049316,1685.82678223
979,L,1628.63464355,1664.88427734
980,D,1628.23059082,1698.56298828
981,L,1917.7121582,1925.8536377
982,W,1688.64416504,1619.17102051
983,W,1757.34875488,1693.30383301
984,L,1672.37902832,1595.58056641
985,D,1704.26391602,2023.02270508
986,W,1674.34777832,1732.73791504
987,D,1789.74560547,1730.18615723
988,D,1797.7734375,1734.1887207
989,W,1713.53564453,1688.49853516
990,D,1742.13671875,1771.89550781
991,W,2025.19128418,1635.87902832
992,L,1694.9798584,1688.83898926
993,L,1622.88757324,1911.55114746
994,W,1746.23742676,1695.60205078
995,D,1730.90515137,1729.41784668
996,L,1951.6003418,1663.17456055
997,D,1806.81359863,1701.15039062
998,W,1716.26647949,1800.48864746
999,L,1621.0078125,1718.31799316
1000,D,1704.09265137,1611.36804199
1001,D,1729.7824707,1675.32458496
1002,W,1724.0177002,1738.67956543
1003,W,1771.41247559,1617.46191406
1004,L,1789.73730469,2022.7623291
1005,W,1925.74487305,1729.49475098
1006,D,1684.98657227,1800.63647461
1007,L,1704.55407715,1934.13781738
1008,L,1633.15563965,1701.24633789
1009,D,1676.69702148,1752.9128418
1010,L,1614.47436523,1676.63720703
1011,W,1699.48071289,1621.30627441
1012,L,1938.41589355,2028.76733398
1013,W,1615.97998047,1783.7322998
1014,L,1726.00732422,1726.09204102
1015,W,1732.16357422,1679.01513672
1016,L,1713.0958252,1774.39990234
1017,L,1752.97265625,1929.23217773
1018,W,1799.62805176,1730.53381348
1019,W,1685.99511719,1700.27612305
1020,D,1717.43334961,1699.32409668
1021,D,1729.74401855,1730.57556152
1022,W,1930.83081055,1686.18762207
1023,W,2029.7479248,1596.09399414
1024,W,1776.52648926,1619.92297363
1025,L,1667.72387695,1698.08996582
1026,L,1682.13830566,1801.64819336
1027,L,1687.2043457,1723.50476074
1028,L,1608.58361816,1893.12585449
1029,W,1760.95544434,1738.49475098
1030,D,1722.66394043,1668.21386719
1031,W,1708.62512207,1904.22033691
1032,L,1677.99328613,1668.8293457
1033,W,1892.62963867,1652.39526367
1034,L,1610.64208984,1721.45617676
1035,L,1726.45336914,1596.6697998
1036,L,1695.72241211,1754.85949707
1037,L,1701.00854492,2028.51049805
1038,D,1806.81994629,1773.39733887
1039,W,1732.65710449,1589.03820801
1040,L,1683.54296875,1724.8203125
1041,L,1731.72741699,1888.02502441
1042,W,2033.02429199,1687.32458496
1043,W,1649.83166504,1737.17822266
1044,L,1776.41552734,1663.27978516
1045,D,1671.78710938,1713.48071289
1046,D,1584.51708984,1696.49475098
1047,W,1895.1932373,1600.37072754
1048,D,1609.64233398,1719.09069824
1049,L,1763.25732422,1803.80175781
1050,W,1900.24157715,1674.60046387
1051,D,1685.83996582,1758.29650879
1052,D,1728.79248047,2034.50891113
1053,W,1733.76281738,1670.93115234
1054,W,1714.33666992,1585.67675781
1055,D,1598.95715332,1658.21740723
1056,W,1812.61413574,1896.60681152
1057,W,1681.39880371,1610.73010254
1058,W,1718.00292969,1695.33508301
1059,W,1754.44494629,1719.51098633
1060,W,2028.62976074,1903.33886719
1061,L,1671.50305176,1685.87097168
1062,W,1582.19128418,1820.98571777
1063,W,1888.23522949,1717.82214355
1064,D,1711.86071777,1686.13989258
1065,W,1658.58544922,1723.64025879
1066,W,1758.26550293,1738.63586426
1067,D,1666.05810547,1598.58911133
1068,W,1689.69787598,1734.67163086
1069,L,1605.98901367,1762.09509277
1070,W,1899.65808105,1670.80151367
1071,W,1696.83813477,1710.44470215
1072,D,1603.86206055,2039.7947998
1073,W,1771.74694824,1698.30163574
1074,W,1734.18481445,1600.84802246
1075,L,1663.32751465,1717.81811523
1076,D,1714.21569824,1716.49475098
1077,D,1599.12866211,1765.50805664
1078,W,1816.16162109,1663.57666016
1079,D,1690.34741211,1892.35424805
1080,D,1705.49243164,1603.33569336
1081,W,2039.42675781,1713.78735352
1082,W,1669.60498047,1656.43481445
1083,L,1720.30212402,1904.23352051
1084,D,1599.1673584,1613.30981445
1085,W,1764.68005371,1777.89331055
1086,D,1660.96069336,1705.16943359
1087,L,1695.53430176,1825.8626709
1088,W,1890.48803711,1739.24450684
1089,W,1724.38378906,1695.59265137
1090,L,1700.83666992,2040.59875488
1091,W,1607.99145508,1650.5859375
1092,W,1614.94848633,1714.91345215
1093,W,1909.62219238,1832.52331543
1094,D,1705.97546387,1675.45373535
1095,L,1689.93103027,1733.88513184
1096,W,1660.15466309,1688.87365723
1097,D,1776.15722656,1895.84741211
1098,L,1712.61547852,1730.04528809
1099,W,1766.4161377,1597.52868652
1100,D,1742.81982422,1697.37976074
1101,W,1914.3392334,1615.28723145
1102,W,2044.05554199,1673.77270508
1103,D,1680.99645996,1678.32409668
1104,W,1643.2902832,1772.59326172
1105,W,1591.3515625,1894.49951172
1106,W,1703.26696777,1777.50512695
1107,L,1827.80627441,1702.4083252
1108,D,1739.3939209,1627.45361328
1109,D,1675.25561523,1703.10522461
1110,L,1764.33312988,1680.14453125
1111,L,1701.89208984,1712.75622559
1112,W,1681.69567871,2058.72412109
1113,W,1705.62731934,1917.06213379
1114,W,1674.15625,1606.13171387
1115,W,1716.57751465,1675.25317383
1116,W,1770.53552246,1654.07006836
1117,W,1882.23913574,1735.82507324
1118,W,1615.08410645,1740.82727051
1119,L,1633.54211426,1807.85742188
1120,W,1721.15014648,1692.41833496
1121,D,1886.21374512,1733.21911621
1122,W,2002.71520996,1765.77050781
1123,L,1638.49584961,1672.12329102
1124,L,1690.91906738,1716.13635254
1125,L,1587.82531738,1614.421875
1126,W,1659.80358887,1612.3013916
1127,W,1712.1114502,1875.21203613
1128,W,1799.36328125,1682.1973877
1129,W,1722.51269531,1711.68786621
1130,W,1676.92260742,1629.46569824
1131,D,1684.64367676,1578.57873535
1132,W,1729.59680176,1726.5723877
1133,D,1762.97888184,1728.40234375
1134,D,1681.15344238,1880.45532227
1135,L,1623.66845703,1804.63806152
1136,W,1607.21240234,1677.45861816
1137,W,1738.97753906,1728.92480469
1138,D,1705.79821777,2005.50671387
1139,L,1860.7512207,1664.89257812
1140,W,1722.01940918,2001.2286377
1141,L,1681.16345215,1841.84899902
1142,L,1670.7947998,1641.64904785
1143,W,1566.96105957,1712.77819824
1144,D,1813.6550293,1719.43115234
1145,D,1732.85998535,1599.75756836
1146,W,1683.40710449,1685.88476562
1147,W,1878.42590332,1761.2232666
1148,L,1743.83337402,1748.5847168
1149,L,1686.49658203,1617.35339355
1150,L,1606.12487793,1763.42492676
1151,W,1680.71374512,1728.17163086
1152,W,1673.75488281,1809.79138184
1153,D,1758.33581543,1735.84973145
1154,D,1653.73181152,1703.81665039
1155,D,1850.93664551,1630.02539062
1156,D,1690.25708008,1733.39648438
1157,W,1989.07739258,1675.50354004
1158,L,1660.39099121,1882.99230957
1159,L,1577.60168457,1724.97375488
1160,W,1739.02172852,1731.58276367
1161,D,1769.71789551,1683.53088379
1162,D,1755.8137207,1689.59973145
1163,W,1688.10876465,1637.33300781
1164,D,1653.21948242,1991.53100586
1165,W,1673.69970703,1655.96289062
1166,W,1888.0703125,1704.97875977
1167,L,1735.75695801,1600.48181152
1168,W,1800.66516113,1571.64245605
1169,D,1721.4263916,1844.27880859
1170,D,1568.80541992,1747.45812988
1171,W,1985.17431641,1803.50219727
1172,L,1650.17578125,1722.65222168
1173,W,1843.05310059,1695.06408691
1174,W,1723.1463623,1890.71179199
1175,L,1693.51367188,1765.34472656
1176,L,1687.90405273,1623.57226562
1177,L,1702.33728027,1712.66638184
1178,D,1679.48693848,1751.8996582
1179,D,1630.37768555,1659.5760498
1180,D,1660.12915039,1678.38635254
1181,D,1872.65185547,1670.5065918
1182,W,1639.18859863,1986.38818359
1183,D,1691.21130371,1691.61767578
1184,W,1736.17297363,1628.04345703
1185,W,1743.75561523,1684.34008789
1186,L,1714.32189941,1737.05993652
1187,W,1753.65344238,1570.72668457
1188,L,1778.37573242,1834.0916748
1189,D,1810.19348145,1634.8737793
1190,W,1966.14746094,1741.52185059
1191,W,1680.05529785,1689.05236816
1192,D,1622.69470215,1659.42932129
1193,D,1641.09387207,1750.68383789
1194,L,1566.95617676,1865.99841309
1195,W,1842.50708008,1658.46020508
1196,D,1803.97338867,1757.4239502
1197,D,1677.15991211,1700.90222168
1198,W,1693.77661133,1769.96020508
1199,W,1750.47961426,1677.41186523
1200,W,1739.50427246,1688.96130371
1201,L,1749.72192383,1800.58374023
1202,D,1870.55114746,1846.16601562
1203,L,1760.81359863,1968.16503906
1204,W,1660.53564453,1642.05566406
1205,W,1669.46655273,1562.40344238
1206,W,1701.87646484,1675.67224121
1207,L,1702.39001465,1621.58837891
1208,D,1680.1463623,1654.8013916
1209,W,1761.86047363,1758.42492676
1210,D,1682.43701172,1712.9276123
1211,L,1639.57666016,1680.60876465
1212,W,1660.98937988,1752.67895508
1213,W,1846.43261719,1669.6652832
1214,W,1797.59033203,1678.3392334
1215,W,1980.53186035,1773.74365234
1216,W,1671.27148438,1744.25805664
1217,W,1560.18115234,1701.78491211
1218,L,1755.84655762,1764.55883789
1219,D,1642.02880859,1877.76538086
1220,W,1665.83447266,1669.56518555
1221,D,1873.40270996,1801.30688477
1222,L,1714.18884277,1985.05554199
1223,W,1774.19775391,1630.69873047
1224,W,1574.28125,1850.26342773
1225,W,1674.62268066,1679.38818359
1226,D,1736.14135742,1646.39147949
1227,L,1687.68481445,1744.10314941
1228,W,1746.2076416,1681.17590332
1229,W,1769.2199707,1689.48681641
1230,W,1753.35852051,1684.57958984
1231,W,1873.73376465,1732.69909668
1232,W,1626.79785156,1588.20410156
1233,W,1651.61523438,1709.0657959
1234,L,1671.21276855,1753.76599121
1235,W,1673.2121582,1675.39904785
1236,L,1686.0057373,1687.82275391
1237,W,1663.96899414,1804.07067871
1238,W,1775.17712402,1766.84228516
1239,D,1676.3527832,1878.65270996
1240,W,1994.62109375,1662.61584473
1241,W,1727.78015137,1697.63183594
1242,W,1669.12780762,1663.61987305
1243,W,1841.75036621,1632.32336426
1244,L,1761.35876465,1676.19665527
1245,D,1789.9888916,1783.66589355
1246,W,1698.06518555,1761.58532715
1247,W,1758.35351562,1679.48339844
1248,D,1582.67858887,1678.05090332
1249,L,1687.8918457,1787.71948242
1250,W,1688.08581543,1996.90942383
1251,D,1846.94311523,1675.05664062
1252,D,1785.93530273,1875.1060791
1253,L,1657.69104004,1764.79064941
1254,L,1673.04638672,1749.46960449
1255,L,1627.13061523,1705.82446289
1256,W,1677.4486084,1679.89941406
1257,W,1660.32751465,1583.28076172
1258,D,1753.82592773,1737.5201416
1259,D,1755.63122559,1617.0682373
1260,W,1669.1862793,1666.1541748
1261,W,1967.93005371,1648.4309082
1262,L,1712.06018066,1842.67150879
1263,W,1799.05761719,1663.0579834
1264,W,1738.25683594,1705.2713623
1265,W,1862.59765625,1688.68518066
1266,D,1760.85046387,1684.33496094
1267,W,1573.62744141,1749.26257324
1268,L,1679.29260254,1785.87927246
1269,W,1699.88452148,1588.4675293
1270,D,1658.39685059,1866.54309082
1271,L,1622.61193848,1969.95812988
1272,W,1672.05419922,1803.71875
1273,W,1856.10021973,1750.08752441
1274,L,1698.6315918,1679.60559082
1275,D,1684.73974609,1756.67797852
1276,L,1688.50744629,1743.64367676
1277,L,1655.73498535,1793.11779785
1278,L,1734.42248535,1646.40283203
1279,D,1663.62121582,1649.32324219
1280,L,1694.99243164,1859.37902832
1281,L,1584.95019531,1681.6673584
1282,W,1744.97851562,1683.60339355
1283,W,1795.44445801,1717.56274414
1284,W,1752.62695312,1662.16479492
1285,L,1857.53442383,1976.73828125
1286,L,1681.84631348,1679.88269043
1287,W,1761.5267334,1703.76049805
1288,W,1801.63427734,1620.30603027
1289,D,1713.21508789,1850.50085449
1290,W,1983.77185059,1577.46032715
1291,W,1656.07836914,1689.28149414
1292,L,1693.94030762,1799.79211426
1293,W,1865.08984375,1667.58410645
1294,L,1675.37841797,1771.34692383
1295,W,1617.62426758,1661.07202148
1296,D,1694.14489746,1804.31616211
1297,W,1689.15722656,1758.71337891
1298,D,1651.87231445,1753.20349121
1299,D,1679.22302246,1627.08581543
1300,D,1752.81396484,1669.98010254
1301,W,1853.14196777,1697.33557129
1302,L,1670.46252441,1686.01000977
1303,D,1754.59082031,1992.28308105
1304,D,1655.93615723,1578.35852051
1305,D,1654.21020508,1699.38232422
1306,W,1786.50073242,1654.81054688
1307,L,1793.47937012,1717.15246582
1308,D,1823.12451172,1878.0222168
1309,D,1987.9263916,1878.66113281
1310,W,1674.24560547,1660.93286133
1311,W,1983.09838867,1675.72424316
1312,L,1582.53869629,1781.69812012
1313,D,1649.9074707,1822.48547363
1314,W,1728.93371582,1791.40393066
1315,W,1630.58459473,1653.29309082
1316,W,1695.53967285,1651.75598145
1317,L,1692.90454102,1758.94763184
1318,L,1700.29943848,1857.57299805
1319,D,1883.48913574,1748.54846191
1320,D,1652.65551758,1640.35314941
1321,D,1788.68188477,1753.87976074
1322,W,1863.5168457,1702.78369141
1323,D,1643.52453613,1985.36584473
1324,L,1783.5814209,1878.15783691
1325,W,1819.73742676,1684.44750977
1326,D,1673.45678711,1694.35559082
1327,D,1644.51208496,1684.71166992
1328,W,1650.73083496,1575.55493164
1329,L,1767.14038086,1736.75622559
1330,L,1642.65429688,1770.71484375
1331,W,1680.99926758,1866.60778809
1332,L,1699.69274902,1672.1072998
1333,D,1685.51220703,1650.35437012
1334,W,1891.02429199,1785.77722168
1335,D,1756.78430176,1643.71154785
1336,W,1978.80175781,1655.40991211
1337,W,1570.87597656,1823.18579102
1338,W,1695.70495605,1756.64758301
1339,L,1747.24902344,1650.08862305
1340,W,1682.62036133,1689.19897461
1341,L,1682.60107422,1735.15222168
1342,D,1662.18530273,1751.95300293
1343,W,1781.83227539,1654.18457031
1344,W,1801.35559082,1980.02722168
1345,D,1850.51635742,1630.88171387
1346,D,1648.54284668,1697.09069824
1347,W,1782.48754883,1709.18347168
1348,W,1743.16918945,1592.70605469
1349,L,1653.24621582,1894.96936035
1350,W,1649.17224121,1662.6640625
1351,L,1587.40246582,1649.14978027
1352,W,1899.0657959,1843.61694336
1353,W,1816.39733887,1647.78466797
1354,L,1751.47436523,1787.05310059
1355,W,1964.98535156,1680.21398926
1356,D,1697.84887695,1704.61779785
1357,W,1637.78112793,1748.47290039
1358,D,1786.84460449,1674.00402832
1359,W,1743.74926758,1691.60522461
1360,W,1678.96252441,1695.87963867
1361,W,1838.52722168,1655.7890625
1362,W,1800.26611328,1819.19458008
1363,W,1678.77856445,1646.83605957
1364,D,1657.60327148,1750.77758789
1365,W,1644.98742676,1781.8861084
1366,W,1656.04711914,1578.94897461
1367,L,1684.57702637,1904.15539551
1368,L,1706.58703613,1966.42077637
1369,W,1739.41809082,1738.26123047
1370,D,1807.55065918,1841.26452637
1371,W,1970.09423828,1811.91003418
1372,W,1653.05187988,1658.12438965
1373,W,1574.48388672,1685.63049316
1374,W,1750.2565918,1686.5144043
1375,L,1732.16955566,1676.67492676
1376,D,1639.10021973,1702.91369629
1377,D,1912.05749512,1654.5916748
1378,D,1772.28186035,1660.51208496
1379,D,1700.85107422,1581.20922852
1380,W,1970.68103027,1686.81164551
1381,W,1659.62756348,1636.3626709
1382,W,1679.515625,1902.22143555
1383,W,1743.10961914,1788.61560059
1384,W,1674.10510254,1718.19116211
1385,W,1847.47265625,1752.4552002
1386,L,1818.02697754,1765.31811523
1387,L,1685.85327148,1657.03955078
1388,W,1649.33654785,1651.18774414
1389,W,1754.82128906,1654.74621582
1390,W,1682.54956055,1690.38586426
1391,D,1675.10107422,1664.5637207
1392,D,1629.76525879,1680.64941406
1393,W,1775.24267578,1695.03466797
1394,W,1709.98547363,1745.71582031
1395,D,1645.57397461,1852.55078125
1396,L,1585.36437988,1796.85144043
1397,W,1883.76171875,1973.0994873
1398,W,1786.75183105,1666.13037109
1399,D,1681.37072754,1779.54382324
1400,D,1848.99230957,1790.32507324
1401,W,1961.4309082,1758.7755127
1402,L,1693.46203613,1580.49255371
1403,D,1801.7232666,1667.00390625
1404,D,1679.47338867,1672.66088867
1405,W,1662.55712891,1649.13244629
1406,W,1690.73352051,1895.43029785
1407,L,1650.79199219,1716.97229004
1408,L,1738.72900391,1629.04394531
1409,L,1680.6385498,1756.55065918
1410,W,1799.31262207,1707.2800293
1411,W,1680.24279785,1801.44555664
1412,D,1778.97192383,1682.30932617
1413,L,1677.69934082,1731.2253418
1414,W,1648.6151123,1687.12097168
1415,L,1646.96533203,1641.11779785
1416,L,1598.52490234,1968.86462402
1417,D,1737.06420898,1873.02270508
1418,W,1889.30151367,1677.86938477
1419,D,1769.73754883,1673.4921875
1420,D,1686.89318848,1805.05859375
1421,D,1701.53417969,1689.6953125
1422,W,1973.02783203,1636.60705566
1423,D,1791.99291992,1658.65002441
1424,W,1739.78210449,1594.36169434
1425,D,1674.65576172,1738.89001465
1426,L,1677.98413086,1871.19702148
1427,D,1651.47607422,1669.1427002
1428,W,1677.08618164,1765.24560547
1429,W,1892.51513672,1774.38793945
1430,L,1692.04675293,1742.97802734
1431,D,1591.16577148,1634.98278809
1432,D,1803.72106934,1974.65222168
1433,W,1739.0723877,1699.18261719
1434,W,1882.65527344,1649.96508789
1435,L,1663.95275879,1688.23059082
1436,D,1786.69018555,1674.47338867
1437,W,1670.65368652,1689.14343262
1438,L,1753.18835449,1898.94482422
1439,W,1767.95837402,1666.52587891
1440,D,1635.65014648,1683.53259277
1441,D,1751.49230957,1806.62524414
1442,W,1971.74804688,1744.53051758
1443,L,1701.06982422,1884.83972168
1444,D,1647.78051758,1781.94299316
1445,L,1672.23266602,1660.72045898
1446,W,1904.81286621,1590.49829102
1447,L,1747.3203125,1687.5645752
1448,W,1679.22058105,1773.76367188
1449,W,1693.72460938,1651.11352539
1450,D,1806.92993164,1649.74951172
1451,W,1742.32995605,1588.5904541
1452,W,1889.97033691,1662.1763916
1453,D,1698.66931152,1973.9486084
1454,W,1670.7767334,1635.13708496
1455,L,1645.70715332,1906.72058105
1456,L,1684.0456543,1688.13195801
1457,W,1695.93933105,1699.13098145
1458,W,1751.18762207,1764.85229492
1459,W,1779.97412109,1736.21557617
1460,D,1968.48266602,1892.26208496
1461,L,1629.40686035,1801.33276367
1462,W,1583.8795166,1704.13525391
1463,L,1659.88452148,1674.38378906
1464,L,1689.99279785,1760.66918945
1465,D,1655.34667969,1705.07751465
1466,L,1755.37084961,1747.04089355
1467,L,1697.79370117,1676.50708008
1468,W,1910.18920898,1785.47167969
1469,W,1730.71789551,1642.23852539
1470,W,1896.10437012,1602.98522949
1471,D,1685.02941895,1679.09338379
1472,D,1687.87011719,1741.19213867
1473,W,1654.91638184,1646.39819336
1474,L,1761.21960449,1914.00646973
1475,L,1637.78295898,1619.95166016
1476,D,1691.01391602,1781.65454102
1477,L,1771.56848145,1964.64038086
1478,D,1705.5078125,1735.17358398
1479,W,1810.78808594,1683.28686523
1480,D,1683.07104492,1898.86108398
1481,W,1741.47045898,1661.21276855
1482,W,1972.88110352,1627.49658203
1483,L,1780.85754395,1763.32775879
1484,W,1681.05175781,1691.81091309
1485,L,1755.45507812,1814.5078125
1486,D,1679.56713867,1630.23791504
1487,W,1600.2286377,1704.57946777
1488,W,1919.77099609,1640.10180664
1489,L,1736.10192871,1687.5916748
1490,W,1894.68261719,1692.65881348
1491,W,1680.20385742,1687.24951172
1492,L,1656.50280762,1973.99963379
1493,L,1626.37805176,1676.44848633
1494,W,1633.35656738,1746.18041992
1495,L,1691.6114502,1747.16345215
1496,W,1822.79943848,1613.19665527
1497,D,1637.7578125,1766.39892578
1498,L,1698.60900879,1922.11499023
1499,L,1777.78649902,1725.08447266
1500,L,1755.546875,1642.80114746
1501,L,1976.68359375,1686.85559082
1502,L,1680.59765625,1683.22802734
1503,W,1688.49938965,1653.81896973
1504,L,1764.49511719,1897.23828125
1505,L,1609.8067627,1694.39147949
1506,L,1690.10314941,1639.66149902
1507,W,1926.3326416,1766.98449707
1508,D,1735.88647461,1826.18920898
1509,W,1736.73583984,1614.32714844
1510,L,1650.63549805,1961.11865234
1511,D,1906.44506836,1736.69055176
1512,D,1610.53308105,1671.06762695
1513,W,1701.90136719,1737.74719238
1514,D,1660.60083008,1929.43762207
1515,W,1692.75805664,1755.28845215
1516,D,1702.42053223,1602.296875
1517,W,1645.70300293,1679.12927246
1518,W,1825.38513184,1740.52990723
1519,W,1763.8795166,1696.61535645
