,Result,Home_Elo,Away_Elo
0,W,1813.03723145,1549.18908691
1,W,1929.06433105,1707.07397461
2,W,1677.01831055,1630.86462402
3,L,1595.57885742,1686.25134277
4,W,1553.78649902,1498.15893555
5,W,1541.72705078,1702.60388184
6,L,1590.06945801,1576.64367676
7,W,1629.41040039,1555.70874023
8,L,1571.8458252,1687.77026367
9,D,1535.60253906,1814.3536377
10,L,1684.11010742,1921.6619873
11,W,1799.30651855,1672.59326172
12,D,1539.56677246,1779.68310547
13,L,1483.29626465,1626.265625
14,W,1695.1895752,1537.60253906
15,D,1680.75830078,1555.33532715
16,W,1577.17871094,1578.43334961
17,L,1685.12329102,1531.36279297
18,W,1616.00292969,1549.36242676
19,W,1536.1574707,1570.24768066
20,W,1925.70751953,1688.20324707
21,L,1560.41577148,1804.36083984
22,L,1667.53894043,1546.26757812
23,W,1775.125,1583.49938965
24,W,1572.11279297,1625.80200195
25,W,1539.56335449,1544.12487793
26,D,1522.42797852,1680.06445312
27,L,1528.28283691,1675.67785645
28,W,1560.13757324,1474.55737305
29,L,1579.77416992,1653.58459473
30,W,1679.07458496,1520.95849609
31,W,1818.5,1544.68579102
32,W,1536.4453125,1578.2277832
33,D,1468.89343262,1552.35961914
34,W,1696.07177734,1773.65661621
35,W,1661.09558105,1922.32043457
36,W,1701.24938965,1633.72583008
37,D,1617.12976074,1563.24438477
38,L,1557.66467285,1525.07678223
39,W,1661.5802002,1684.08239746
40,W,1765.6607666,1469.16162109
41,L,1565.89916992,1552.09143066
42,W,1542.36157227,1571.77856445
43,W,1534.77539062,1707.80871582
44,L,1566.77111816,1673.94360352
45,D,1627.16638184,1820.82421875
46,W,1909.47253418,1548.77392578
47,D,1515.95068359,1613.60290527
48,D,1549.10437012,1704.06762695
49,W,1817.5480957,1534.77539062
50,L,1562.48510742,1911.41174316
51,D,1701.81896973,1670.93041992
52,D,1630.44250488,1516.5880127
53,D,1684.36828613,1552.24462891
54,W,1674.73217773,1556.34643555
55,W,1699.37341309,1551.35302734
56,W,1612.96557617,1768.4387207
57,W,1546.83459473,1561.89562988
58,L,1466.38366699,1555.50549316
59,L,1520.45556641,1539.85473633
60,L,1547.14160156,1678.81396484
61,W,1672.79992676,1685.74853516
62,W,1755.84411621,1667.21484375
63,W,1565.37792969,1828.65478516
64,L,1556.49780273,1624.37609863
65,W,1552.1192627,1454.31237793
66,L,1550.0657959,1919.78405762
67,D,1554.41210938,1558.92553711
68,W,1626.14599609,1702.39306641
69,W,1923.57958984,1535.73925781
70,L,1816.01171875,1760.00280762
71,D,1510.01525879,1552.43383789
72,L,1553.07800293,1679.33435059
73,D,1694.38598633,1578.02111816
74,D,1632.79870605,1546.27026367
75,L,1663.05603027,1556.16540527
76,D,1690.21643066,1548.07531738
77,W,1679.21411133,1450.26623535
78,L,1560.90380859,1634.15307617
79,W,1692.37536621,1929.2857666
80,W,1553.68713379,1628.82922363
81,W,1768.72485352,1547.52453613
82,W,1583.34204102,1660.31335449
83,D,1553.93310547,1681.34924316
84,L,1568.99780273,1697.50402832
85,L,1448.54064941,1787.60644531
86,D,1550.91845703,1557.79870605
87,D,1648.2109375,1685.03723145
88,W,1535.23730469,1509.44055176
89,W,1620.65979004,1704.70202637
90,D,1555.54003906,1555.45422363
91,D,1706.83984375,1446.08984375
92,W,1652.14367676,1647.140625
93,W,1916.95898438,1561.85656738
94,W,1686.10754395,1559.66210938
95,W,1790.05725098,1550.91357422
96,L,1679.82824707,1772.34460449
97,L,1501.71936035,1591.51159668
98,L,1543.90478516,1542.95849609
99,L,1559.41992188,1699.35205078
100,W,1918.7130127,1792.76086426
101,W,1690.31335449,1494.13037109
102,W,1599.10070801,1635.04858398
103,W,1453.57763672,1555.54003906
104,D,1548.20996094,1782.88220215
105,W,1691.96533203,1669.29064941
106,W,1560.10253906,1658.06225586
107,W,1553.80419922,1529.82446289
108,D,1557.03881836,1641.2220459
109,D,1786.99536133,1695.50830078
110,W,1639.09240723,1557.23547363
111,W,1783.40393066,1550.94445801
112,L,1571.40002441,1912.93566895
113,D,1707.24645996,1566.79345703
114,D,1620.93005371,1555.24279785
115,W,1643.98266602,1466.55004883
116,L,1522.4675293,1690.74633789
117,L,1657.15588379,1609.2935791
118,L,1489.77172852,1550.53173828
119,W,1525.28979492,1549.0423584
120,W,1916.0480957,1472.7947998
121,L,1559.16162109,1782.42675781
122,D,1696.45141602,1648.6126709
123,W,1628.88916016,1786.85717773
124,W,1547.49121094,1516.76245117
125,L,1461.91992188,1647.28552246
126,L,1567.50866699,1701.67138672
127,W,1700.07702637,1617.01123047
128,W,1572.36853027,1637.56030273
129,L,1549.29772949,1688.18151855
130,W,1649.97790527,1520.46777344
131,W,1776.28979492,1466.93005371
132,L,1550.50842285,1634.22619629
133,W,1539.13745117,1550.01501465
134,D,1449.58361816,1575.24523926
135,W,1606.2121582,1924.0168457
136,L,1504.10131836,1701.23205566
137,W,1639.08642578,1694.98400879
138,D,1777.62145996,1622.32250977
139,W,1771.74743652,1649.53601074
140,W,1904.16064453,1645.57263184
141,W,1699.55224609,1450.95996094
142,W,1684.53442383,1499.13818359
143,L,1706.19506836,1777.50354004
144,W,1573.86889648,1655.08300781
145,W,1628.1965332,1537.92700195
146,D,1465.71630859,1545.35302734
147,D,1519.80834961,1626.06835938
148,W,1543.79943848,1539.16186523
149,W,1449.76843262,1466.35107422
150,L,1585.72009277,1695.42626953
151,L,1643.72314453,1550.48608398
152,D,1533.68200684,1531.3416748
153,L,1545.92504883,1789.81604004
154,W,1650.13659668,1628.07495117
155,L,1497.25244141,1509.86083984
156,L,1644.43859863,1908.92443848
157,W,1784.07250977,1701.95056152
158,W,1693.14001465,1618.3203125
159,W,1620.29187012,1697.50305176
160,D,1697.7565918,1626.01367188
161,W,1533.67028809,1537.02038574
162,W,1914.21716309,1788.26635742
163,W,1509.86083984,1578.49938965
164,L,1628.2421875,1486.32592773
165,W,1702.64697266,1689.55273438
166,W,1798.72070312,1639.14599609
167,L,1613.95727539,1657.9197998
168,L,1459.9362793,1531.35339355
169,W,1568.19567871,1456.18322754
170,W,1630.07348633,1542.3717041
171,W,1666.76513672,1710.65014648
172,W,1784.80566406,1514.01928711
173,W,1528.31896973,1605.11193848
174,D,1681.54956055,1802.62658691
175,D,1499.76000977,1445.36889648
176,D,1572.96801758,1573.46948242
177,W,1635.23999023,1614.80810547
178,W,1538.11230469,1496.07702637
179,W,1801.44628906,1570.72229004
180,W,1693.69677734,1536.12121582
181,L,1523.10827637,1634.33288574
182,L,1609.34777832,1788.64013672
183,W,1917.67797852,1545.92077637
184,W,1698.59667969,1450.90942383
185,D,1597.30969238,1640.70031738
186,L,1575.71520996,1678.81860352
187,L,1449.20214844,1544.36523438
188,W,1686.39990234,1523.10827637
189,W,1533.39819336,1603.78979492
190,W,1682.7298584,1919.23339844
191,W,1700.30395508,1651.15087891
192,W,1803.28308105,1449.05187988
193,D,1568.88549805,1543.15722656
194,W,1596.06420898,1491.03222656
195,L,1568.13391113,1794.19824219
196,D,1641.94580078,1696.41967773
197,L,1697.35510254,1804.5390625
198,L,1523.10827637,1694.66711426
199,W,1798.72485352,1546.5057373
200,W,1646.33325195,1565.8067627
201,W,1552.33227539,1641.01037598
202,W,1546.23596191,1563.60717773
203,D,1590.68225098,1441.23510742
204,W,1907.29626465,1705.1217041
205,L,1484.6072998,1692.04382324
206,L,1447.79589844,1602.48913574
207,W,1697.04150391,1439.02832031
208,L,1701.98583984,1509.82336426
209,D,1544.92248535,1563.87756348
210,W,1447.1652832,1552.61853027
211,D,1707.74291992,1584.75219727
212,D,1811.97546387,1479.60949707
213,W,1561.66137695,1800.30810547
214,L,1611.25671387,1910.43212891
215,D,1629.46508789,1650.4786377
216,W,1557.22460938,1689.91870117
217,L,1436.30847168,1702.328125
218,L,1565.82910156,1803.61206055
219,L,1680.65734863,1573.50256348
220,W,1652.37316895,1542.97094727
221,D,1510.63586426,1566.48596191
222,D,1537.52685547,1627.57055664
223,L,1590.16699219,1606.58032227
224,W,1915.10852051,1699.76135254
225,W,1487.97302246,1462.25683594
226,L,1432.55004883,1688.5402832
227,W,1788.46691895,1706.08654785
228,L,1554.76611328,1667.93371582
229,L,1456.94726562,1917.19128418
230,W,1814.67504883,1580.41357422
231,W,1698.02416992,1569.47387695
232,L,1537.96166992,1919.13122559
233,L,1455.00732422,1796.52929688
234,W,1697.67858887,1537.59313965
235,L,1493.28259277,1657.38244629
236,W,1586.22619629,1547.23681641
237,L,1616.33374023,1496.49499512
238,W,1627.50439453,1424.65856934
239,D,1696.4317627,1675.46313477
240,W,1930.86669922,1493.6628418
241,W,1674.62963867,1460.18347168
242,L,1542.36547852,1702.36779785
243,W,1687.15466309,1722.31652832
244,W,1826.92419434,1639.35998535
245,L,1548.61621094,1710.53369141
246,L,1505.30871582,1823.77233887
247,D,1602.47436523,1543.8536377
248,W,1430.43054199,1586.67150879
249,L,1572.63671875,1609.17663574
250,W,1933.78564453,1530.86315918
251,L,1824.98864746,1671.33959961
252,W,1490.4753418,1447.47460938
253,L,1452.56896973,1542.18286133
254,D,1558.72290039,1537.12341309
255,L,1711.12194824,1822.21704102
256,W,1702.96557617,1558.1048584
257,D,1487.16564941,1593.24060059
258,L,1612.80407715,1688.52526855
259,D,1690.21228027,1629.77355957
260,W,1696.64013672,1494.48803711
261,L,1832.37121582,1805.87658691
262,W,1592.47180176,1443.16918945
263,D,1690.45166016,1686.4317627
264,L,1539.94885254,1706.03430176
265,L,1549.84191895,1700.96777344
266,D,1444.90991211,1604.68920898
267,L,1529.77453613,1555.89746094
268,W,1633.55407715,1487.93444824
269,D,1555.03601074,1934.87438965
270,W,1923.17907715,1697.7878418
271,L,1564.57617188,1592.00744629
272,W,1496.37072754,1511.77478027
273,W,1684.03796387,1533.21582031
274,W,1708.27282715,1683.52453613
275,W,1809.16906738,1442.61169434
276,L,1478.95458984,1806.22766113
277,L,1597.66650391,1527.07092285
278,L,1434.31262207,1557.41040039
279,W,1709.59130859,1633.2130127
280,W,1694.8104248,1554.5435791
281,D,1626.28271484,1721.2947998
282,W,1805.88586426,1584.93200684
283,W,1668.86901855,1424.0020752
284,W,1538.171875,1488.57275391
285,D,1529.43481445,1714.88806152
286,L,1440.20690918,1686.18554688
287,L,1501.73693848,1809.94042969
288,L,1600.40649414,1926.11828613
289,W,1566.08740234,1473.6862793
290,W,1808.79443359,1498.80395508
291,L,1582.0234375,1711.85705566
292,L,1495.60778809,1436.17932129
293,W,1690.2130127,1551.73730469
294,L,1551.28808594,1671.97497559
295,D,1812.87329102,1928.90930176
296,L,1466.55529785,1532.46569824
297,D,1626.83935547,1573.21838379
298,D,1420.89599609,1698.0657959
299,L,1720.73815918,1597.61547852
300,D,1687.31335449,1575.36645508
301,D,1496.99389648,1426.18139648
302,W,1927.67224121,1483.7388916
303,W,1692.78027344,1454.99951172
304,L,1548.36254883,1810.60449219
305,L,1544.02148438,1623.35229492
306,W,1449.78283691,1708.08508301
307,L,1718.51416016,1814.11035156
308,D,1610.26855469,1693.58764648
309,W,1576.70544434,1535.9498291
310,D,1823.25708008,1688.86694336
311,W,1542.89038086,1490.29370117
312,L,1699.52514648,1499.51269531
313,D,1533.01013184,1712.30627441
314,D,1701.59814453,1703.08129883
315,W,1832.953125,1592.27990723
316,D,1457.33325195,1548.34484863
317,W,1586.44763184,1616.96582031
318,D,1637.11828613,1468.90466309
319,L,1436.29748535,1953.7166748
320,W,1696.0032959,1549.5859375
321,W,1686.97558594,1701.52868652
322,L,1706.87390137,1515.78552246
323,L,1510.00268555,1633.03881836
324,W,1962.11950684,1537.93273926
325,W,1711.10693359,1459.81530762
326,L,1611.86071777,1476.70727539
327,D,1595.27600098,1838.12915039
328,W,1590.82702637,1558.69812012
329,L,1436.97888184,1819.84399414
330,D,1699.37097168,1963.52990723
331,D,1644.36657715,1598.64733887
332,L,1822.90734863,1714.7253418
333,W,1546.21826172,1596.23266602
334,W,1553.29260254,1433.91552734
335,D,1489.92077637,1692.50280762
336,L,1530.15673828,1599.86328125
337,L,1536.52246094,1510.45324707
338,L,1694.97937012,1833.54187012
339,W,1456.19702148,1693.52490234
340,D,1972.75756836,1644.78637695
341,W,1843.30480957,1560.57421875
342,L,1692.56958008,1809.11474609
343,D,1524.59729004,1476.93212891
344,W,1522.26928711,1565.15734863
345,W,1530.73815918,1692.58996582
346,W,1735.89147949,1605.60107422
347,D,1615.12451172,1680.16345215
348,L,1434.00744629,1497.22753906
349,D,1584.66723633,1708.09179688
350,D,1707.12194824,1681.60327148
351,W,1680.86010742,1743.64624023
352,W,1821.34765625,1967.05285645
353,W,1555.0958252,1426.4432373
354,W,1559.11682129,1533.59741211
355,W,1506.05847168,1586.90368652
356,L,1682.99902344,1615.69433594
357,W,1481.76257324,1541.59558105
358,D,1599.11303711,1521.76855469
359,L,1653.57434082,1846.02893066
360,L,1521.68701172,1835.77844238
361,W,1856.6003418,1688.61779785
362,W,1684.1817627,1560.22192383
363,L,1527.91455078,1704.54345703
364,W,1533.81506348,1643.00292969
365,W,1952.62207031,1514.56188965
366,L,1735.8885498,1671.57043457
367,W,1627.12304688,1564.79968262
368,D,1578.40014648,1596.15783691
369,W,1421.31713867,1489.54321289
370,W,1709.9597168,1521.68701172
371,L,1553.73474121,1953.78259277
372,W,1840.59570312,1542.80224609
373,W,1555.24023438,1690.66894531
374,W,1513.40136719,1719.88928223
375,D,1683.84899902,1432.44360352
376,W,1687.56958008,1576.91088867
377,W,1478.41662598,1522.49829102
378,L,1597.64709473,1861.3692627
379,W,1634.015625,1636.68249512
380,W,1947.48937988,1565.65222168
381,L,1522.51074219,1871.56494141
382,L,1713.96374512,1842.79345703
383,D,1552.73474121,1643.47790527
384,L,1530.56396484,1688.4934082
385,W,1695.03662109,1677.37304688
386,D,1704.37426758,1511.1920166
387,W,1593.50964355,1481.23071289
388,D,1628.86779785,1542.2520752
389,L,1571.09143066,1519.29943848
390,L,1850.76452637,1706.21826172
391,L,1478.90209961,1554.7220459
392,L,1548.04016113,1950.44580078
393,W,1700.5769043,1565.66638184
394,L,1520.78479004,1699.40795898
395,D,1521.76489258,1520.78479004
396,L,1669.16210938,1598.80883789
397,W,1880.07043457,1708.96350098
398,W,1519.12902832,1562.27746582
399,W,1644.46130371,1626.05041504
400,W,1952.95239258,1522.79724121
401,W,1705.02099609,1616.29296875
402,L,1470.78979492,1654.21875
403,L,1562.83435059,1884.01281738
404,W,1562.27624512,1519.75244141
405,W,1724.65270996,1526.39538574
406,W,1705.85852051,1703.96691895
407,W,1555.0111084,1545.53356934
408,L,1522.79724121,1657.60693359
409,W,1838.75415039,1514.6574707
410,L,1520.53466797,1734.13085938
411,W,1677.87390137,1564.25622559
412,W,1714.63989258,1567.01831055
413,D,1512.61572266,1726.99401855
414,L,1545.65344238,1727.02600098
415,W,1886.64453125,1471.70812988
416,L,1618.12512207,1953.97009277
417,L,1529.04443359,1573.62121582
418,D,1665.4276123,1616.4276123
419,D,1560.44555664,1740.65966797
420,W,1717.7869873,1516.84716797
421,W,1724.56945801,1514.00585938
422,L,1470.03271484,1840.79589844
423,L,1585.81848145,1614.51965332
424,D,1540.4185791,1512.61572266
425,W,1957.57556152,1681.68457031
426,L,1732.26098633,1888.31994629
427,L,1563.87133789,1662.03381348
428,D,1512.61572266,1619.82141113
429,W,1844.8079834,1556.62182617
430,W,1959.16760254,1669.28320312
431,L,1513.4309082,1897.95959473
432,L,1576.89868164,1513.61877441
433,W,1509.30773926,1466.02050781
434,D,1680.0925293,1729.26745605
435,W,1737.65087891,1539.18798828
436,W,1618.81835938,1721.20324707
437,L,1623.43945312,1563.4543457
438,L,1513.61877441,1722.62133789
439,L,1541.49731445,1579.6809082
440,W,1559.29748535,1636.17932129
441,L,1716.4609375,1854.43383789
442,D,1736.88708496,1968.34545898
443,L,1463.09533691,1744.80773926
444,W,1510.45153809,1684.21728516
445,W,1737.44750977,1616.67919922
446,W,1905.94384766,1567.75939941
447,D,1516.35461426,1521.69934082
448,D,1671.05310059,1510.45153809
449,L,1863.13745117,1907.76696777
450,L,1963.9967041,1745.43835449
451,W,1588.62023926,1514.52624512
452,L,1565.9362793,1532.55810547
453,D,1523.52758789,1665.25256348
454,W,1675.50878906,1575.84887695
455,W,1748.0489502,1707.75732422
456,W,1619.62792969,1741.23571777
457,D,1608.68835449,1516.2520752
458,W,1516.2520752,1459.85412598
459,D,1914.53930664,1756.76989746
460,W,1636.31469727,1529.00671387
461,D,1699.58203125,1546.59118652
462,W,1733.83703613,1596.79101562
463,L,1458.09777832,1682.90734863
464,W,1524.74084473,1524.74084473
465,W,1775.33569336,1558.63562012
466,L,1513.0880127,1609.85595703
467,L,1666.50598145,1862.83483887
468,L,1575.18286133,1954.37927246
469,W,1762.50378418,1645.27770996
470,W,1867.48803711,1520.04370117
471,W,1737.30029297,1520.18237305
472,L,1593.32763672,1778.98193359
473,W,1554.98937988,1450.70336914
474,L,1520.18237305,1693.91638184
475,W,1690.30187988,1661.8527832
476,L,1552.25683594,1908.80529785
477,W,1958.30297852,1505.76257324
478,L,1617.18139648,1571.25927734
479,L,1707.14245605,1959.33874512
480,W,1868.56298828,1588.23291016
481,L,1446.70141602,1784.07666016
482,W,1518.96875,1699.75610352
483,W,1910.92407227,1606.1463623
484,W,1641.58911133,1516.27539062
485,W,1504.72680664,1550.13818359
486,W,1652.39855957,1558.99133301
487,W,1582.29431152,1741.20727539
488,L,1516.27539062,1766.19238281
489,L,1584.08300781,1527.39038086
490,L,1540.1907959,1648.23803711
491,D,1724.91894531,1509.61828613
492,W,1552.39221191,1509.99645996
493,D,1509.99645996,1897.43457031
494,L,1686.27868652,1879.3963623
495,D,1767.41540527,1653.94189453
496,W,1957.92883301,1439.453125
497,L,1601.7130127,1697.96630859
498,W,1886.06201172,1789.20629883
499,W,1891.28808594,1708.2052002
500,L,1439.04418945,1591.47412109
501,L,1538.95056152,1530.27709961
502,W,1762.68457031,1718.23901367
503,W,1658.1517334,1958.33789062
504,D,1516.29833984,1679.61303711
505,D,1658.67272949,1504.64648438
506,L,1589.95495605,1557.7421875
507,L,1504.64648438,1572.52270508
508,W,1585.29309082,1676.66503906
509,L,1572.91772461,1774.9630127
510,W,1501.35375977,1523.80517578
511,L,1601.98217773,1501.35375977
512,D,1714.92541504,1659.7434082
513,D,1544.87939453,1887.25769043
514,W,1949.22839355,1533.82592773
515,D,1781.28527832,1681.5838623
516,L,1584.25708008,1904.07556152
517,W,1735.49804688,1438.01379395
518,W,1880.56958008,1518.92346191
519,L,1906.55297852,1950.58520508
520,D,1662.97949219,1737.01403809
521,D,1436.49780273,1711.68945312
522,D,1600.75878906,1566.55895996
523,W,1685.91564941,1584.90100098
524,W,1781.32189941,1518.43481445
525,L,1661.19934082,1776.95349121
526,L,1532.46899414,1581.77966309
527,L,1518.43481445,1551.56762695
528,D,1558.70471191,1644.16955566
529,D,1952.6809082,1777.09997559
530,W,1681.22753906,1587.49291992
531,D,1499.06335449,1872.29675293
532,D,1873.7253418,1682.4786377
533,W,1567.21813965,1507.30554199
534,D,1506.93737793,1499.06335449
535,W,1585.82299805,1431.40014648
536,L,1759.16186523,1652.77514648
537,L,1549.8190918,1731.92102051
538,W,1866.62890625,1559.34509277
539,L,1783.06201172,1590.38354492
540,L,1669.85009766,1867.48352051
541,D,1737.01135254,1742.08679199
542,L,1426.83959961,1504.92492676
543,L,1583.07861328,1946.71887207
544,W,1502.15124512,1501.07580566
545,D,1688.72033691,1544.7286377
546,L,1643.5291748,1572.37231445
547,W,1501.07580566,1685.6418457
548,L,1557.96911621,1683.51733398
549,L,1520.85107422,1579.54003906
550,L,1665.86645508,1735.54492188
551,W,1549.93164062,1419.29223633
552,W,1950.25744629,1868.00488281
553,W,1743.55310059,1511.23547363
554,W,1873.91503906,1632.28369141
555,W,1583.61779785,1763.44006348
556,D,1512.47229004,1663.41870117
557,W,1610.00537109,1520.85107422
558,L,1506.82983398,1875.96948242
559,D,1863.14477539,1594.86169434
560,L,1746.31323242,1551.8963623
561,W,1415.42199707,1511.60583496
562,L,1589.09338379,1619.25061035
563,D,1689.59020996,1655.09814453
564,D,1752.19616699,1747.95874023
565,W,1630.22924805,1515.19140625
566,D,1660.69958496,1553.80187988
567,L,1511.60583496,1955.11755371
568,D,1509.83837891,1627.92016602
569,D,1687.04907227,1750.48583984
570,W,1657.63928223,1504.95458984
571,L,1855.82617188,1732.54943848
572,W,1426.07897949,1635.90356445
573,L,1565.66015625,1956.88500977
574,W,1558.16931152,1602.18029785
575,W,1877.84472656,1509.83837891
576,L,1509.51708984,1749.66906738
577,W,1656.33215332,1580.42382812
578,L,1744.92773438,1879.2734375
579,W,1571.87316895,1438.16186523
580,L,1563.99975586,1661.10742188
581,D,1750.21398926,1843.44787598
582,W,1755.94641113,1508.40979004
583,W,1623.82055664,1687.32104492
584,D,1594.36206055,1664.8828125
585,D,1627.58642578,1503.23962402
586,L,1508.40979004,1501.4864502
587,W,1958.54541016,1565.9876709
588,W,1761.26171875,1622.79882812
589,D,1635.28088379,1842.4029541
590,L,1491.80957031,1959.4822998
591,L,1594.75695801,1738.98681641
592,W,1668.10913086,1767.31665039
593,L,1838.29467773,1639.38916016
594,D,1518.08666992,1556.99804688
595,L,1675.8605957,1491.80957031
596,L,1565.05065918,1616.74401855
597,W,1885.21435547,1578.41235352
598,D,1508.02722168,1751.2590332
599,W,1664.48791504,1431.62268066
600,D,1746.3260498,1517.61035156
601,D,1653.24438477,1668.26965332
602,W,1748.92932129,1515.17895508
603,L,1427.84106445,1887.31884766
604,L,1576.3079834,1652.49121094
605,W,1557.47436523,1512.96020508
606,W,1961.77282715,1584.81433105
607,D,1624.96325684,1677.19445801
608,L,1515.17895508,1824.43945312
609,L,1758.23132324,1556.8314209
610,L,1659.92736816,1964.49377441
611,D,1524.32458496,1751.72021484
612,W,1888.83752441,1744.32666016
613,L,1504.98352051,1677.19909668
614,W,1827.00695801,1426.32226562
615,L,1512.6114502,1570.73608398
616,W,1739.61181641,1568.87182617
617,W,1652.13110352,1512.6114502
618,D,1582.09338379,1565.4510498
619,W,1669.38293457,1624.95849609
620,W,1499.29199219,1559.20153809
621,W,1571.58764648,1734.61584473
622,L,1608.82067871,1820.36547852
623,W,1689.90686035,1649.11791992
624,D,1736.79528809,1647.98120117
625,W,1416.63110352,1520.83837891
626,W,1557.53503418,1572.01013184
627,W,1865.53894043,1486.71447754
628,L,1669.18811035,1954.79077148
629,W,1724.36401367,1499.29199219
630,W,1568.09960938,1590.82824707
631,W,1722.46459961,1429.71154785
632,L,1825.59619141,1700.05810547
633,L,1514.84729004,1489.29162598
634,W,1655.3659668,1499.66491699
635,W,1646.88525391,1606.55712891
636,L,1568.53503418,1744.33984375
637,W,1499.66491699,1669.81347656
638,L,1555.4239502,1877.93041992
639,L,1752.74316406,1961.25476074
640,L,1883.26049805,1807.92773438
641,W,1499.4185791,1578.38037109
642,W,1823.7434082,1658.74279785
643,W,1510.4486084,1510.4486084
644,L,1569.34558105,1728.9230957
645,D,1549.95031738,1743.00683594
646,W,1504.57678223,1652.45373535
647,W,1659.3996582,1427.30822754
648,L,1580.40393066,1707.43273926
649,D,1724.58081055,1867.15771484
650,W,1980.35302734,1600.70153809
651,D,1559.98815918,1508.16625977
652,W,1985.18188477,1737.73986816
653,D,1518.95031738,1992.67797852
654,L,1607.16625977,1564.98608398
655,W,1718.10839844,1525.86669922
656,L,1432.94006348,1561.70056152
657,L,1530.49987793,1847.10559082
658,D,1763.71179199,1571.82250977
659,W,1872.48974609,1582.05480957
660,L,1642.31274414,1735.03076172
661,L,1661.1348877,1669.54968262
662,L,1525.86669922,1739.22045898
663,W,1748.77392578,1596.53979492
664,D,1577.9510498,1850.72949219
665,L,1567.84594727,1652.00720215
666,W,1516.31323242,1626.56066895
667,W,1678.67736816,1526.87585449
668,D,1580.41394043,1527.3104248
669,W,1750.78283691,1516.31323242
670,W,1984.31787109,1721.14245605
671,W,1757.58312988,1426.79467773
672,D,1575.61254883,1874.13061523
673,L,1753.5357666,1617.65112305
674,W,1577.35168457,1553.49169922
675,L,1591.7779541,1683.46020508
676,D,1712.84631348,1748.95849609
677,W,1418.74536133,1506.99157715
678,D,1506.99157715,1576.05554199
679,W,1660.78845215,1516.51977539
680,L,1836.66369629,1689.52429199
681,L,1435.87036133,1966.73425293
682,D,1626.1907959,1579.43652344
683,D,1526.37060547,1736.99182129
684,D,1713.8560791,1578.25524902
685,W,1512.02258301,1579.47119141
686,W,1864.11230469,1493.00842285
687,W,1668.42749023,1751.09057617
688,L,1577.70959473,1765.22766113
689,W,1493.00842285,1543.40258789
690,D,1735.07336426,1744.61535645
691,W,1537.8112793,1575.27062988
692,D,1503.06384277,1679.36694336
693,W,1584.57348633,1522.72912598
694,D,1711.04675293,1867.69909668
695,W,1573.22888184,1503.06384277
696,D,1709.95385742,1532.75317383
697,W,1977.04101562,1625.51806641
698,D,1751.6887207,1840.59338379
699,D,1585.52880859,1437.05932617
700,W,1746.0567627,1545.17834473
701,W,1839.7244873,1589.86706543
702,L,1442.40209961,1733.63195801
703,D,1517.43554688,1978.99731445
704,L,1704.04638672,1752.55749512
705,W,1864.95068359,1567.90356445
706,W,1623.56176758,1580.38427734
707,D,1538.66064453,1495.90844727
708,D,1677.23364258,1713.79516602
709,L,1495.90844727,1580.18603516
710,L,1714.38330078,1437.33557129
711,W,1587.49353027,1695.97302246
712,L,1537.24755859,1841.78747559
713,W,1738.69848633,1676.64550781
714,D,1540.01330566,1574.74304199
715,L,1488.60107422,1751.22180176
716,L,1970.77270508,1867.13146973
717,W,1760.63085938,1629.20300293
718,L,1565.72277832,1525.66015625
719,W,1587.80407715,1488.60107422
720,W,1833.81750488,1478.95410156
721,L,1752.5,1955.40820312
722,W,1740.70117188,1590.99584961
723,D,1449.5534668,1551.85717773
724,L,1572.08361816,1695.71008301
725,W,1533.07055664,1593.64367676
726,W,1683.36767578,1876.04089355
727,W,1618.78540039,1536.21777344
728,L,1668.18774414,1764.59338379
729,L,1478.95410156,1529.25488281
730,W,1703.13806152,1468.25268555
731,W,1960.92346191,1566.59106445
732,L,1528.97131348,1840.4375
733,W,1464.44445801,1548.39477539
734,L,1586.97363281,1704.47631836
735,D,1772.27368164,1746.65881348
736,D,1856.86767578,1662.44299316
737,W,1580.25500488,1627.96716309
738,W,1541.8918457,1451.86157227
739,L,1551.48474121,1748.92016602
740,W,1445.43261719,1580.31408691
741,L,1758.18603516,1587.97827148
742,D,1843.0222168,1962.22766113
743,D,1749.02954102,1706.94628906
744,L,1565.28686523,1464.44445801
745,D,1541.54455566,1769.9029541
746,L,1711.13586426,1526.38671875
747,L,1620.24389648,1850.65209961
748,W,1668.65856934,1548.32080078
749,L,1464.44445801,1542.21887207
750,W,1960.51171875,1457.02282715
751,W,1709.77600098,1697.5769043
752,W,1539.94567871,1746.19970703
753,W,1456.54760742,1455.65148926
754,L,1570.09521484,1672.53295898
755,L,1765.38085938,1744.86975098
756,W,1856.18383789,1546.06677246
757,L,1601.29467773,1844.73815918
758,W,1544.44641113,1614.71228027
759,W,1549.64038086,1555.11999512
760,L,1457.33276367,1961.77197266
761,L,1756.46923828,1858.43066406
762,L,1549.11181641,1557.31347656
763,W,1590.15576172,1552.65722656
764,D,1483.72009277,1557.21862793
765,W,1598.41992188,1755.3515625
766,L,1680.2010498,1849.18286133
767,W,1737.27648926,1501.88867188
768,W,1962.09313965,1748.39074707
769,W,1863.80395508,1721.95959473
770,D,1543.30126953,1607.53161621
771,W,1684.25842285,1455.98022461
772,D,1496.21984863,1538.29003906
773,W,1562.64465332,1596.80664062
774,D,1743.53479004,1673.64941406
775,W,1565.43029785,1482.80090332
776,W,1555.43286133,1602.06262207
777,D,1853.02954102,1736.4197998
778,W,1717.05712891,1846.87145996
779,L,1537.40234375,1738.56066895
780,L,1476.64575195,1964.05383301
781,L,1735.81530762,1542.02246094
782,D,1450.67419434,1587.99523926
783,W,1691.23095703,1561.65600586
784,W,1743.6262207,1494.30371094
785,W,1593.0357666,1865.90258789
786,W,1606.00646973,1568.65222168
787,W,1675.81970215,1568.78149414
788,L,1492.42651367,1615.66040039
789,L,1746.80712891,1475.63781738
790,W,1843.2779541,1694.81164551
791,D,1837.06384277,1450.67419434
792,D,1556.015625,1726.86474609
793,L,1588.6340332,1745.50354004
794,W,1560.56567383,1529.15588379
795,W,1965.06176758,1614.09301758
796,D,1558.07531738,1679.87451172
797,W,1564.72680664,1721.82226562
798,D,1633.14587402,1694.37268066
799,W,1618.6595459,1588.84863281
800,W,1697.41333008,1585.1373291
801,W,1496.75585938,1564.64196777
802,L,1635.89172363,1747.17248535
803,D,1730.97961426,1712.74902344
804,W,1528.97607422,1831.52246094
805,L,1477.07263184,1565.36645508
806,L,1483.38525391,1980.36853027
807,W,1758.39855957,1572.08288574
808,L,1683.9206543,1849.82763672
809,W,1754.06616211,1704.12536621
810,W,1811.92675781,1481.98986816
811,D,1715.23095703,1676.11181641
812,D,1553.13720703,1628.9979248
813,W,1567.59204102,1482.21936035
814,W,1981.76391602,1548.57177734
815,W,1857.63647461,1508.26049805
816,L,1578.9309082,1762.88952637
817,D,1580.84655762,1728.49768066
818,L,1578.42529297,1626.66162109
819,W,1814.32836914,1767.89672852
820,W,1759.20385742,1553.34057617
821,W,1982.7434082,1859.50146484
822,W,1547.59216309,1573.92370605
823,L,1474.08032227,1679.1217041
824,W,1698.9876709,1712.22106934
825,L,1479.58825684,1575.99084473
826,W,1506.39550781,1583.03881836
827,L,1638.81115723,1726.30541992
828,W,1628.79467773,1566.27575684
829,W,1689.59558105,1476.37243652
830,W,1554.20837402,1558.79394531
831,L,1579.04821777,1829.29931641
832,L,1571.21118164,1994.14245605
833,W,1748.22753906,1461.78833008
834,L,1707.19909668,1637.9864502
835,L,1587.69592285,1518.87536621
836,W,1750.35913086,1712.49890137
837,W,1866.1776123,1629.93408203
838,L,1565.57312012,1775.80957031
839,L,1834.60107422,1560.88305664
840,D,1996.32006836,1571.18237305
841,L,1569.03356934,1868.97167969
842,D,1549.53564453,1691.87036133
843,L,1461.78833008,1695.66369629
844,D,1707.30664062,1563.4666748
845,D,1474.09777832,1573.74633789
846,W,1780.49963379,1751.50476074
847,L,1535.38891602,1755.5513916
848,D,1649.52197266,1627.14001465
849,W,1712.5670166,1535.04138184
850,L,1578.42346191,2000.28552246
851,D,1695.35009766,1707.53234863
852,W,1739.86889648,1652.68469238
853,W,1574.50488281,1474.10461426
854,D,1585.70715332,1569.59094238
855,D,1883.18127441,1824.97106934
856,D,1635.24108887,1557.31970215
857,L,1588.42456055,1480.68444824
858,L,1780.03894043,1789.33032227
859,W,1744.3112793,1583.38427734
860,W,1879.74890137,1576.91394043
861,D,1709.04089355,1828.40344238
862,W,1805.33508301,1580.24560547
863,W,2001.79504395,1579.83178711
864,L,1561.24243164,1717.52575684
865,L,1461.88378906,1631.31835938
866,W,1764.03417969,1566.68676758
867,D,1530.0826416,1502.42224121
868,L,1648.2421875,1693.84143066
869,L,1571.91381836,1747.45007324
870,D,1504.87658691,1710.51953125
871,L,1575.1373291,1880.2722168
872,D,1562.23059082,1578.671875
873,L,1708.26611328,1527.40478516
874,L,1754.45410156,1988.63635254
875,W,1833.95202637,1633.59411621
876,W,1723.13867188,1813.62390137
877,D,1461.77197266,1555.40612793
878,W,1573.95068359,1566.59472656
879,D,1640.96179199,1771.71069336
880,W,1798.10949707,1508.80957031
881,W,1994.31677246,1560.92346191
882,W,1560.29370117,1838.33984375
883,D,1555.89550781,1706.58642578
884,W,1580.25170898,1738.65307617
885,D,1572.33618164,1629.20629883
886,D,1769.70812988,1748.77368164
887,D,1883.07324219,1452.69189453
888,W,1541.10180664,1642.96435547
889,D,1579.97912598,1694.56896973
890,L,1695.96118164,1989.24121094
891,W,1621.23449707,1550.04040527
892,D,1551.70068359,1582.30615234
893,W,1743.64025879,1541.94909668
894,D,1806.74633789,1789.07055664
895,D,1444.45178223,1742.24755859
896,D,1497.88232422,1573.09240723
897,D,1625.63684082,1565.2590332
898,W,1684.9753418,1563.82775879
899,L,1720.1184082,1869.63623047
900,W,1994.60510254,1791.50708008
901,D,1572.90551758,1804.30981445
902,D,1737.90612793,1629.65917969
903,W,1875.54064941,1498.0690918
904,D,1746.10949707,1688.66259766
905,W,1583.32434082,1541.61572266
906,D,1560.14050293,1550.68249512
907,D,1539.4798584,1444.45178223
908,D,1622.08325195,1690.59729004
909,L,1568.81262207,1714.21398926
910,W,1764.91796875,1540.90234375
911,L,1672.84570312,1964.06640625
912,W,1769.13708496,1538.55578613
913,L,1557.92248535,1853.63061523
914,W,1671.31152344,1569.32373047
915,L,1476.94726562,1602.70349121
916,W,1615.03820801,1517.52441406
917,D,1533.60168457,1435.18811035
918,W,1703.45861816,1703.5814209
919,D,1516.95080566,1710.40002441
920,L,1706.99584961,1676.93188477
921,D,1443.32006836,1767.07629395
922,L,1563.70349121,1620.9239502
923,W,1536.4753418,1709.65478516
924,W,1967.23901367,1771.2175293
925,W,1697.38513184,1554.90234375
926,W,1856.65087891,1530.73632812
927,D,1511.63867188,1520.35498047
928,D,1612.01489258,1669.67321777
929,D,1538.74414062,1467.63586426
930,W,1768.67834473,1611.64575195
931,D,1694.61254883,1969.77819824
932,L,1522.11437988,1701.95568848
933,W,1550.33178711,1551.51757812
934,L,1687.67407227,1509.87927246
935,D,1471.49975586,1696.25354004
936,W,1762.00622559,1857.88586426
937,W,1632.56408691,1441.99816895
938,D,1529.5012207,1534.88024902
939,W,1670.04223633,1552.06335449
940,W,1692.08215332,1527.65100098
941,W,1455.52355957,1475.67114258
942,L,1545.75891113,1770.85571289
943,D,1545.16235352,1673.78076172
944,W,1964.48413086,1637.63549805
945,D,1709.41918945,1676.34680176
946,W,1849.03637695,1514.65087891
947,L,1523.77258301,1772.94885254
948,L,1607.37524414,1699.90661621
949,W,1536.73059082,1556.68688965
950,W,1778.48010254,1679.26391602
951,D,1775.11096191,1592.61535645
952,L,1546.27954102,1518.24133301
953,D,1547.13793945,1541.50354004
954,D,1672.14611816,1636.40820312
955,L,1469.96472168,1714.66662598
956,W,1850.22924805,1706.5020752
957,D,1524.66516113,1513.45812988
958,L,1546.79699707,1695.06799316
959,W,1965.71130371,1438.53137207
960,D,1703.49645996,1853.51831055
961,W,1639.26123047,1535.42895508
962,W,1598.81274414,1545.09887695
963,D,1723.26428223,1782.54174805
964,L,1515.65039062,1461.36706543
965,L,1438.53137207,1669.29309082
966,L,1703.2130127,1966.7578125
967,L,1529.09191895,1522.47290039
968,W,1675.20214844,1768.91357422
969,L,1543.54260254,1538.36853027
970,D,1529.92993164,1434.66503906
971,D,1970.29016113,1519.11474609
972,W,1851.10620117,1647.39135742
973,D,1782.72473145,1705.90856934
974,D,1551.98120117,1607.81420898
975,L,1760.04040527,1493.00317383
976,D,1532.45019531,1684.07543945
977,D,1527.29882812,1674.89892578
978,L,1536.09741211,1723.08129883
979,L,1484.01428223,1699.68054199
980,W,1703.88024902,1527.38500977
981,L,1433.55700684,1778.90209961
982,D,1672.51367188,1855.3873291
983,L,1528.12390137,1744.55175781
984,W,1709.73120117,1531.25036621
985,W,1727.92822266,1534.94433594
986,D,1508.49182129,1551.77209473
987,L,1643.11022949,1479.81469727
988,L,1608.0234375,1961.28100586
989,W,1681.58117676,1529.68408203
990,W,1965.46179199,1493.4901123
991,L,1731.10107422,1715.32946777
992,W,1526.6138916,1524.25292969
993,W,1525.09216309,1604.80444336
994,W,1552.68103027,1700.6640625
995,W,1752.14904785,1630.39648438
996,D,1853.71289062,1685.43615723
997,L,1532.73327637,1676.40649414
998,W,1526.79077148,1431.95739746
999,W,1788.78735352,1508.54455566
1000,W,1724.43701172,1535.18469238
1001,L,1487.70288086,1785.6940918
1002,W,1686.33764648,1712.40905762
1003,L,1502.0534668,1948.9564209
1004,D,1442.36206055,1558.23754883
1005,D,1681.68066406,1754.9407959
1006,L,1512.8079834,1843.58129883
1007,W,1621.68212891,1528.4744873
1008,D,1585.12744141,1517.87475586
1009,W,1524.06420898,1754.55090332
1010,W,1729.16430664,1581.62768555
1011,D,1530.45739746,1507.84240723
1012,W,1680.16943359,1788.51159668
1013,W,1702.35693359,1682.07067871
1014,D,1557.93981934,1484.88549805
1015,L,1848.546875,1950.25537109
1016,L,1521.37438965,1626.0925293
1017,W,1696.38977051,1435.31945801
1018,W,1528.0020752,1500.7545166
1019,W,1957.8092041,1534.16687012
1020,L,1450.26464844,1732.75500488
1021,W,1510.57409668,1554.42333984
1022,W,1495.13220215,1536.59484863
1023,D,1674.1262207,1696.08825684
1024,L,1488.94433594,1700.89294434
1025,W,1744.63049316,1514.61083984
1026,L,1633.39855957,1710.84387207
1027,D,1578.57946777,1853.76452637
1028,W,1759.71057129,1528.26818848
1029,W,1528.15722656,1674.98620605
1030,L,1586.09509277,1628.02050781
1031,W,1513.70922852,1763.85620117
1032,L,1707.63513184,1507.88024902
1033,L,1738.79785156,1738.13000488
1034,D,1720.53234863,1448.0838623
1035,W,1528.43310547,1486.51257324
1036,W,1549.05773926,1983.60546875
1037,W,1699.53857422,1520.25012207
1038,W,1846.17419434,1535.07592773
1039,L,1448.0838623,1538.33105469
1040,W,1960.59460449,1533.7890625
1041,W,1640.1328125,1729.04443359
1042,W,1533.11779785,1572.06848145
1043,L,1751.33093262,1848.13232422
1044,W,1522.33483887,1573.98266602
1045,D,1664.81237793,1693.18054199
1046,L,1481.15661621,1526.234375
1047,L,1747.88354492,1704.32055664
1048,L,1515.46826172,1713.50231934
1049,D,1720.42871094,1543.57202148
1050,L,1553.25195312,1961.27209473
1051,D,1738.78430176,1663.66308594
1052,W,1533.11169434,1860.67895508
1053,W,1472.44128418,1508.66064453
1054,L,1561.61437988,1736.89428711
1055,W,1534.94970703,1715.30981445
1056,W,1694.32995605,1648.74841309
1057,W,1720.30993652,1529.99633789
1058,W,1566.32116699,1446.76123047
1059,W,1963.63232422,1714.37988281
1060,D,1501.33276367,1699.61242676
1061,L,1643.46594238,1734.94104004
1062,W,1550.8918457,1545.9309082
1063,L,1667.50634766,1479.76916504
1064,D,1747.78186035,1724.79516602
1065,D,1704.32873535,1574.91296387
1066,D,1846.65771484,1550.72668457
1067,W,1549.62084961,1547.13293457
1068,W,1525.5111084,1446.76123047
1069,W,1709.76818848,1696.45507812
1070,W,1739.47973633,1553.09216309
1071,W,1537.02563477,1963.56884766
1072,L,1438.68908691,1827.55541992
1073,D,1650.77209473,1531.5402832
1074,L,1491.14233398,1742.47387695
1075,W,1633.56616211,1555.88220215
1076,D,1577.42541504,1502.18688965
1077,D,1693.39709473,1554.43591309
1078,D,1724.74206543,1538.30053711
1079,W,1684.0078125,1543.9765625
1080,W,1528.19934082,1631.42016602
1081,W,1551.50366211,1477.07299805
1082,L,1536.22290039,1544.64172363
1083,L,1541.17407227,1679.47521973
1084,D,1739.68896484,1733.60449219
1085,W,1919.75134277,1637.25891113
1086,L,1686.7800293,1430.26196289
1087,D,1497.8482666,1707.22460938
1088,D,1537.47753906,1564.90991211
1089,L,1816.58691406,1709.96557617
1090,W,1735.85400391,1556.10546875
1091,W,1543.53942871,1522.70837402
1092,D,1737.43945312,1921.31103516
1093,D,1415.06396484,1501.57299805
1094,L,1472.47119141,1804.1628418
1095,L,1616.08007812,1671.83239746
1096,D,1558.15625,1534.66271973
1097,W,1685.98657227,1703.49987793
1098,W,1722.38964844,1536.16137695
1099,L,1635.69921875,1566.22607422
1100,D,1918.13977051,1695.64501953
1101,L,1403.19384766,1555.57580566
1102,D,1532.45495605,1740.61071777
1103,W,1514.53601074,1624.24694824
1104,D,1537.24316406,1740.51733398
1105,L,1680.05700684,1726.09606934
1106,W,1807.7746582,1551.4420166
1107,D,1502.29516602,1607.85546875
1108,D,1577.67834473,1468.859375
1109,W,1693.84143066,1551.71179199
1110,W,1738.02758789,1540.97375488
1111,L,1549.59216309,1668.12536621
1112,L,1615.2253418,1697.29968262
1113,W,1736.78674316,1911.3112793
1114,L,1473.5300293,1536.31030273
1115,L,1606.75280762,1523.55773926
1116,L,1570.25671387,1809.62463379
1117,W,1702.47363281,1573.00769043
1118,W,1548.25354004,1503.39794922
1119,W,1736.75549316,1398.84057617
1120,D,1538.43920898,1542.83166504
1121,D,1569.41711426,1752.06860352
1122,W,1547.99121094,1566.23522949
1123,W,1704.95202637,1461.84899902
1124,D,1409.66625977,1595.14904785
1125,W,1535.16149902,1706.06408691
1126,D,1896.02941895,1740.56225586
1127,W,1813.64599609,1738.92749023
1128,W,1494.01989746,1607.57287598
1129,D,1674.88586426,1557.6315918
1130,W,1562.57092285,1821.85522461
1131,D,1459.03820801,1408.33227539
1132,W,1748.85021973,1503.2677002
1133,W,1746.23571777,1572.63562012
1134,L,1544.60632324,1554.85864258
1135,D,1598.32519531,1536.66455078
1136,W,1730.71826172,1553.4263916
1137,W,1592.72021484,1890.35583496
1138,L,1559.36791992,1707.76281738
1139,W,1687.79931641,1669.9465332
1140,L,1593.76086426,1807.98583984
1141,L,1500.37512207,1869.96875
1142,D,1749.77722168,1539.26330566
1143,L,1534.08935547,1474.66723633
1144,L,1611.1418457,1660.73754883
1145,L,1552.35913086,1749.17004395
1146,W,1692.28015137,1567.73583984
1147,W,1563.41015625,1712.80615234
1148,D,1431.47924805,1574.47485352
1149,W,1732.47912598,1457.38354492
1150,W,1571.13952637,1546.17626953
1151,W,1701.26977539,1484.68005371
1152,W,1870.79980469,1811.29614258
1153,L,1752.73132324,1690.83288574
1154,L,1521.45471191,1734.38977051
1155,W,1544.66052246,1587.82885742
1156,D,1674.00769043,1741.75830078
1157,L,1452.85119629,1432.19299316
1158,W,1562.87023926,1595.24987793
1159,L,1572.32470703,1496.92248535
1160,D,1580.43798828,1875.74890137
1161,W,1739.05786133,1555.63208008
1162,W,1806.3470459,1583.24536133
1163,W,1741.82824707,1574.87487793
1164,L,1482.47729492,1576.79614258
1165,L,1552.0513916,1741.43017578
1166,L,1513.61523438,1516.78674316
1167,W,1540.51965332,1673.93774414
1168,L,1442.61157227,1703.47253418
1169,L,1702.1340332,1442.43261719
1170,W,1529.16918945,1545.58837891
1171,L,1705.76086426,1735.83789062
1172,W,1870.99169922,1437.53393555
1173,L,1551.51586914,1473.6895752
1174,D,1729.53271484,1584.77111816
1175,L,1582.79455566,1749.42260742
1176,W,1654.31005859,1498.44335938
1177,L,1456.13342285,1825.29223633
1178,W,1578.88024902,1685.6439209
1179,W,1569.47583008,1548.72351074
1180,L,1485.35473633,1871.66333008
1181,D,1436.86230469,1539.85070801
1182,L,1754.83459473,1724.11633301
1183,W,1590.1875,1587.90161133
1184,D,1535.91503906,1577.38256836
1185,W,1748.76086426,1658.69189453
1186,L,1828.62036133,1538.8425293
1187,W,1494.06164551,1579.50219727
1188,L,1538.69714355,1452.80541992
1189,W,1676.62255859,1692.83789062
1190,W,1873.49963379,1521.99511719
1191,L,1581.66357422,1753.13244629
1192,L,1570.98046875,1738.9576416
1193,L,1685.98339844,1596.42553711
1194,D,1554.28796387,1437.92663574
1195,W,1654.3203125,1535.19116211
1196,L,1469.50744629,1739.99328613
1197,W,1813.17492676,1483.51843262
1198,W,1538.78637695,1578.10644531
1199,W,1502.58337402,1683.47705078
1200,L,1525.18200684,1666.81445312
1201,W,1518.19189453,1511.6072998
1202,W,1440.4206543,1571.83581543
1203,D,1737.99572754,1547.31274414
1204,W,1736.22973633,1464.04858398
1205,D,1568.3848877,1665.24975586
1206,W,1611.11328125,1544.0267334
1207,L,1756.34313965,1878.68347168
1208,D,1669.97192383,1809.23693848
1209,W,1885.4017334,1569.3873291
1210,D,1664.24731445,1738.56848145
1211,W,1807.04675293,1454.39135742
1212,D,1672.88647461,1461.70983887
1213,W,1553.52539062,1524.53149414
1214,W,1505.2677002,1519.11010742
1215,D,1557.8651123,1731.78320312
1216,L,1559.61499023,1749.62487793
1217,W,1539.04211426,1672.1619873
1218,D,1480.06933594,1616.09790039
1219,L,1455.8416748,1557.79626465
1220,W,1508.26550293,1485.20983887
1221,D,1768.68395996,1522.16418457
1222,D,1471.25769043,1891.76733398
1223,W,1728.26477051,1669.39050293
1224,W,1738.30615234,1552.14111328
1225,W,1570.99804688,1564.06982422
1226,L,1617.00927734,1660.06994629
1227,D,1519.30310059,1821.04846191
1228,D,1665.11499023,1564.80554199
1229,L,1476.87976074,1761.5814209
1230,L,1529.26672363,1448.82775879
1231,W,1569.25256348,1577.15307617
1232,W,1884.01953125,1516.59545898
1233,W,1668.55334473,1660.66796875
1234,D,1815.13891602,1744.80163574
1235,D,1557.91479492,1479.00549316
1236,L,1564.81030273,1608.52587891
1237,L,1545.64562988,1733.33435059
1238,W,1664.32092285,1525.21264648
1239,W,1743.4005127,1811.39624023
1240,L,1570.52087402,1764.74951172
1241,L,1648.58215332,1885.02062988
1242,L,1667.77734375,1680.63928223
1243,L,1748.54418945,1575.8848877
1244,D,1617.02990723,1517.4901123
1245,L,1515.59436035,1535.57946777
1246,D,1482.95825195,1556.30615234
1247,W,1460.60437012,1473.71166992
1248,L,1521.75622559,1553.96203613
1249,W,1550.59777832,1560.02404785
1250,L,1461.484375,1638.92993164
1251,W,1758.98608398,1461.71960449
1252,D,1795.30444336,1496.7479248
1253,W,1589.34912109,1606.99255371
1254,W,1887.03198242,1652.82080078
1255,W,1673.25476074,1477.5546875
1256,W,1516.41552734,1739.11254883
1257,D,1557.18896484,1729.91577148
1258,D,1543.31384277,1507.41723633
1259,D,1650.66455078,1787.47277832
1260,L,1726.91723633,1889.18823242
1261,L,1649.37548828,1760.46875
1262,W,1722.25390625,1451.03881836
1263,D,1550.75671387,1533.27416992
1264,W,1560.1875,1540.4822998
1265,L,1559.8651123,1676.72106934
1266,W,1460.23693848,1595.09558105
1267,D,1474.08837891,1601.24597168
1268,D,1510.2487793,1504.57958984
1269,L,1464.07788086,1743.26733398
1270,L,1601.13342285,1491.58630371
1271,L,1522.60241699,1653.09326172
1272,W,1799.10021973,1523.97216797
1273,D,1918.58569336,1569.12145996
1274,W,1702.88317871,1550.53613281
1275,L,1809.10827637,1564.20715332
1276,L,1551.57006836,1668.47143555
1277,L,1485.9453125,1751.51843262
1278,W,1615.4942627,1581.88012695
1279,D,1800.76208496,1756.52697754
1280,W,1748.79345703,1480.93676758
1281,W,1708.29992676,1910.24035645
1282,D,1545.11938477,1794.21325684
1283,L,1579.10217285,1675.37536621
1284,D,1503.9342041,1516.00500488
1285,L,1576.40234375,1544.6661377
1286,D,1577.46679688,1620.97192383
1287,L,1522.31030273,1458.55175781
1288,W,1659.69067383,1588.78552246
1289,W,1472.1842041,1504.31713867
1290,L,1519.84729004,1567.74047852
1291,L,1795.91455078,1557.55322266
1292,D,1684.96777344,1578.7388916
1293,W,1754.62072754,1512.90319824
1294,W,1573.73498535,1770.47094727
1295,D,1586.27770996,1794.6282959
1296,W,1905.8939209,1551.97705078
1297,D,1481.37915039,1666.42370605
1298,L,1623.92504883,1713.06201172
1299,L,1484.20825195,1583.39001465
1300,L,1576.28100586,1907.41015625
1301,L,1590.09106445,1757.42163086
1302,W,1790.81494141,1511.30664062
1303,L,1663.19775391,1510.10229492
1304,W,1550.46081543,1616.56152344
1305,W,1759.18469238,1680.31665039
1306,L,1492.29296875,1585.02124023
1307,D,1572.3536377,1474.10070801
1308,L,1593.49768066,1781.11413574
1309,L,1766.87390137,1649.93395996
1310,L,1478.57421875,1720.42541504
1311,W,1508.02978516,1588.49291992
1312,L,1523.36621094,1484.60498047
1313,D,1670.25756836,1573.69812012
1314,W,1769.24377441,1567.88012695
1315,D,1592.30603027,1580.63867188
1316,W,1909.99304199,1608.484375
1317,L,1485.00817871,1558.53796387
1318,L,1786.11889648,1794.09179688
1319,L,1605.55834961,1665.92687988
1320,D,1807.58752441,1774.67407227
1321,W,1724.23962402,1772.62329102
1322,L,1749.29333496,1912.91906738
1323,W,1582.79748535,1507.92285156
1324,W,1578.02893066,1474.76000977
1325,W,1667.51464844,1590.1472168
1326,W,1566.1730957,1580.13244629
1327,W,1500.04833984,1516.39025879
1328,W,1562.4498291,1477.37316895
1329,W,1731.82983398,1586.25720215
1330,L,1765.03308105,1587.58081055
1331,W,1568.39416504,1672.15795898
1332,W,1677.39953613,1577.91125488
1333,D,1585.50390625,1506.97314453
1334,D,1466.53173828,1594.08557129
1335,L,1509.4654541,1743.80541992
1336,W,1918.40686035,1568.72302246
1337,D,1471.09997559,1804.89245605
1338,L,1777.36914062,1503.13952637
1339,L,1468.26245117,1681.63549805
1340,D,1606.99523926,1503.72314453
1341,L,1518.44165039,1581.54870605
1342,L,1663.15466309,1762.06689453
1343,D,1749.54772949,1738.30456543
1344,D,1798.43225098,1592.3548584
1345,W,1745.61853027,1919.50695801
1346,W,1567.6229248,1573.67529297
1347,D,1579.78234863,1577.39746094
1348,W,1510.92834473,1477.56018066
1349,W,1592.93933105,1463.81860352
1350,D,1598.79089355,1577.15576172
1351,W,1579.15917969,1747.54016113
1352,D,1686.0793457,1520.72424316
1353,D,1780.59436035,1508.18603516
1354,W,1908.35864258,1602.53234863
1355,W,1740.31213379,1507.05102539
1356,W,1467.76428223,1644.62731934
1357,L,1564.14257812,1791.99633789
1358,L,1578.02075195,1756.76696777
1359,D,1744.59008789,1526.42810059
1360,L,1732.37158203,1596.6340332
1361,L,1599.96032715,1773.16845703
1362,L,1622.58837891,1570.93225098
1363,W,1533.04711914,1910.93066406
1364,D,1460.12390137,1558.34033203
1365,W,1515.61181641,1596.51013184
1366,W,1797.79846191,1680.37548828
1367,L,1763.85546875,1489.80322266
1368,L,1579.43652344,1737.97106934
1369,L,1502.77307129,1594.32775879
1370,W,1778.1673584,1719.73876953
1371,L,1609.2668457,1524.37329102
1372,W,1504.97302246,1495.7064209
1373,L,1587.74865723,1748.68554688
1374,W,1895.48730469,1461.38391113
1375,W,1743.27502441,1803.60681152
1376,L,1586.24377441,1594.96154785
1377,L,1601.39440918,1574.13256836
1378,D,1557.08032227,1548.49047852
1379,W,1674.56726074,1607.2767334
1380,L,1468.33544922,1761.92858887
1381,D,1597.07702637,1563.27124023
1382,D,1621.3059082,1687.69836426
1383,L,1497.23156738,1904.45690918
1384,W,1726.45092773,1519.36901855
1385,L,1552.484375,1759.38708496
1386,W,1762.8013916,1593.75012207
1387,W,1764.06848145,1609.19482422
1388,L,1589.55480957,1734.31164551
1389,L,1513.51782227,1805.72412109
1390,L,1686.44885254,1547.32617188
1391,W,1898.17956543,1806.86437988
1392,L,1591.3515625,1494.80175781
1393,W,1574.9486084,1557.34875488
1394,D,1564.85424805,1620.81164551
1395,W,1598.3527832,1464.6340332
1396,D,1607.61022949,1581.30737305
1397,W,1552.8223877,1585.83398438
1398,W,1818.68933105,1606.58813477
1399,W,1801.95031738,1583.06494141
1400,L,1591.19787598,1906.68383789
1401,D,1622.43591309,1459.98876953
1402,L,1509.38195801,1675.45288086
1403,L,1561.91223145,1583.52661133
1404,L,1508.43603516,1578.27832031
1405,W,1605.39099121,1566.82006836
1406,L,1560.37792969,1769.24316406
1407,W,1741.62268066,1580.68334961
1408,W,1822.76428223,1768.94372559
1409,D,1804.33203125,1602.51330566
1410,W,1910.31555176,1500.50354004
1411,D,1465.48730469,1546.55310059
1412,W,1585.7713623,1611.15551758
1413,W,1763.73095703,1616.93737793
1414,W,1684.33129883,1744.84472656
1415,W,1775.32312012,1500.94299316
1416,L,1598.88562012,1798.14685059
1417,L,1577.46118164,1587.56616211
1418,D,1608.69848633,1554.29797363
1419,L,1561.05554199,1827.97705078
1420,L,1545.6114502,1911.96569824
1421,L,1600.71728516,1767.29589844
1422,D,1596.44360352,1596.20959473
1423,L,1613.37231445,1605.79736328
1424,W,1802.59375,1466.42883301
1425,L,1498.85339355,1568.58374023
1426,D,1498.31628418,1696.05395508
1427,W,1557.19909668,1594.4387207
1428,L,1733.12219238,1557.96203613
1429,W,1831.07055664,1777.94970703
1430,W,1914.6706543,1595.7557373
1431,L,1772.25756836,1692.01867676
1432,W,1619.15734863,1491.63342285
1433,W,1463.29821777,1565.06604004
1434,L,1597.61975098,1838.62036133
1435,L,1805.72436523,1595.03344727
1436,W,1770.39990234,1714.29260254
1437,L,1586.57177734,1600.01220703
1438,W,1575.80371094,1502.3515625
1439,D,1576.79162598,1542.90649414
1440,W,1711.45410156,1917.1685791
1441,W,1486.34265137,1752.82214355
1442,W,1708.86865234,1577.67419434
1443,W,1842.0357666,1584.63037109
1444,L,1609.01208496,1624.44824219
1445,D,1608.90979004,1594.2043457
1446,L,1545.24035645,1775.82385254
1447,W,1593.2578125,1476.59277344
1448,L,1493.52490234,1574.45776367
1449,D,1551.77148438,1791.74572754
1450,L,1470.87219238,1712.66137695
1451,D,1899.91577148,1844.67407227
1452,L,1739.78039551,1633.12548828
1453,D,1596.07104492,1499.38439941
1454,D,1607.04321289,1556.73632812
1455,W,1541.39941406,1480.77038574
1456,D,1779.66479492,1728.70690918
1457,D,1573.88134766,1600.33483887
1458,L,1587.21228027,1581.99206543
1459,W,1786.78088379,1598.97839355
1460,W,1847.62329102,1464.74694824
1461,W,1731.50170898,1573.23925781
1462,W,1718.78674316,1559.51379395
1463,D,1600.97692871,1776.87011719
1464,L,1503.34289551,1604.26574707
1465,W,1595.3527832,1592.11242676
1466,D,1644.9083252,1896.96655273
1467,D,1573.85168457,1727.99755859
1468,L,1473.11010742,1790.86413574
1469,W,1594.8951416,1549.05957031
1470,W,1736.21032715,1604.40087891
1471,D,1580.73974609,1650.1060791
1472,D,1556.23388672,1849.40319824
1473,D,1722.06665039,1795.91003418
1474,W,1462.96691895,1468.06420898
1475,W,1613.78125,1604.45410156
1476,W,1539.50061035,1493.82739258
1477,W,1773.44616699,1576.71166992
1478,L,1568.53063965,1606.72546387
1479,W,1891.7689209,1725.13745117
1480,W,1843.37915039,1596.7734375
1481,L,1649.57885742,1743.83776855
1482,D,1795.28491211,1622.9642334
1483,W,1488.34985352,1469.77490234
1484,W,1560.20056152,1776.20812988
1485,L,1615.05554199,1544.97802734
1486,L,1461.25634766,1722.69177246
1487,D,1595.27124023,1562.25805664
1488,W,1721.98779297,1581.2668457
1489,W,1573.94958496,1894.9185791
1490,D,1750.69946289,1845.34155273
1491,L,1461.25170898,1572.27929688
1492,L,1555.94396973,1789.57421875
1493,W,1764.1295166,1642.71716309
1494,W,1730.08508301,1628.67492676
1495,W,1594.81091309,1496.87304688
1496,L,1577.68774414,1588.29589844
1497,W,1880.57226562,1604.08959961
1498,D,1453.86291504,1592.83935547
1499,L,1564.68981934,1725.56689453
1500,W,1796.17932129,1769.59936523
1501,L,1578.78344727,1844.18017578
1502,W,1568.50854492,1883.05603027
1503,W,1624.28857422,1599.17041016
1504,W,1736.10998535,1454.74755859
1505,L,1601.60595703,1751.86083984
1506,W,1637.24731445,1549.33886719
1507,L,1590.4128418,1734.47143555
1508,L,1597.47509766,1492.5135498
1509,W,1554.14685059,1456.28942871
1510,W,1761.18383789,1588.63256836
1511,L,1847.24267578,1804.69506836
1512,D,1452.35449219,1592.28295898
1513,L,1862.93200684,1739.94055176
1514,W,1761.08361816,1738.50305176
1515,D,1587.01928711,1584.94372559
1516,W,1539.00695801,1562.04199219
1517,L,1504.44824219,1575.72094727
1518,L,1647.57910156,1585.54040527
1519,L,1448.39428711,1636.43981934
